CustomerID,Age,Gender,Weight,Height,BMI,ExerciseTime,Smoking,Alcohol,CaloriesIntake,StepsDay,FitnessGoal,Status,MembershipType,Region
CUST1000,56,Male,72,181,22.0,11,No,No,2034,12940,Maintenance,Off Track,Premium,West
CUST1001,46,Female,75,180,23.1,69,No,No,3216,9240,Weight Loss,On Track,Premium,East
CUST1002,32,Female,83,165,30.5,16,No,Yes,2816,14363,Muscle Gain,Off Track,Premium,South
CUST1003,60,Female,95,181,29.0,114,No,No,2532,6408,Weight Loss,Off Track,Premium,West
CUST1004,25,Male,83,181,25.3,18,No,Yes,2794,4861,Muscle Gain,Off Track,Basic,South
CUST1005,38,Male,78,183,23.3,25,No,No,2910,14937,Muscle Gain,Off Track,Premium,South
CUST1006,56,Male,53,160,20.7,47,No,No,1592,8406,Weight Loss,On Track,Premium,North
CUST1007,36,Male,66,159,26.1,107,Yes,Yes,3489,11372,Maintenance,Off Track,Premium,South
CUST1008,40,Male,84,164,31.2,107,No,Yes,2028,12238,Muscle Gain,Off Track,Basic,North
CUST1009,28,Male,62,166,22.5,51,No,No,2677,3833,Maintenance,Off Track,Basic,West
CUST1010,28,Male,90,189,25.2,95,No,Yes,1904,6285,Weight Loss,Off Track,Basic,North
CUST1011,41,Male,88,167,31.6,69,No,No,2339,10589,Maintenance,Off Track,Premium,North
CUST1012,53,Female,64,158,25.6,54,No,No,2672,8645,Muscle Gain,Off Track,Premium,North
CUST1013,57,Female,78,174,25.8,99,Yes,No,2388,13018,Muscle Gain,Off Track,Premium,East
CUST1014,41,Male,78,189,21.8,101,No,No,2790,13766,Muscle Gain,On Track,Basic,North
CUST1015,20,Male,60,163,22.6,74,No,No,1921,10023,Weight Loss,On Track,Premium,South
CUST1016,39,Female,81,174,26.8,32,No,Yes,3363,11889,Muscle Gain,Off Track,Basic,North
CUST1017,19,Male,51,199,12.9,61,No,No,3141,14902,Weight Loss,Off Track,Basic,South
CUST1018,41,Male,96,171,32.8,87,No,No,1971,5777,Maintenance,Off Track,Basic,North
CUST1019,61,Male,63,179,19.7,22,Yes,No,2392,3735,Muscle Gain,Off Track,Basic,East
CUST1020,47,Female,69,169,24.2,14,No,Yes,2046,14611,Muscle Gain,Off Track,Basic,West
CUST1021,55,Female,71,170,24.6,26,No,Yes,2130,9273,Muscle Gain,Off Track,Premium,North
CUST1022,19,Female,60,193,16.1,74,Yes,No,3049,9278,Maintenance,Off Track,Premium,North
CUST1023,38,Female,76,181,23.2,63,No,Yes,3026,7368,Muscle Gain,On Track,Basic,East
CUST1024,50,Female,52,195,13.7,114,No,No,2537,11255,Weight Loss,Off Track,Premium,North
CUST1025,29,Male,66,198,16.8,113,No,No,2277,1821,Maintenance,Off Track,Premium,South
CUST1026,39,Female,93,170,32.2,80,No,No,3175,8525,Maintenance,Off Track,Basic,North
CUST1027,61,Male,77,184,22.7,50,Yes,No,3329,1162,Maintenance,Off Track,Basic,North
CUST1028,42,Male,78,181,23.8,52,No,No,1863,8777,Maintenance,On Track,Premium,West
CUST1029,44,Female,70,179,21.8,77,Yes,No,1618,12931,Maintenance,On Track,Premium,West
CUST1030,59,Female,96,188,27.2,90,No,Yes,2761,11589,Weight Loss,Off Track,Premium,North
CUST1031,45,Male,65,198,16.6,81,Yes,No,2045,2932,Maintenance,Off Track,Premium,East
CUST1032,33,Male,86,161,33.2,91,No,No,2692,11920,Muscle Gain,Off Track,Basic,West
CUST1033,32,Male,69,190,19.1,50,No,No,2021,4535,Maintenance,Off Track,Premium,North
CUST1034,64,Female,55,196,14.3,46,No,No,2133,6956,Maintenance,Off Track,Basic,West
CUST1035,61,Female,68,167,24.4,110,No,No,3436,4446,Maintenance,Off Track,Basic,North
CUST1036,20,Female,54,170,18.7,3,No,No,3180,14403,Maintenance,Off Track,Premium,West
CUST1037,54,Female,52,162,19.8,6,No,No,2462,3790,Maintenance,Off Track,Premium,West
CUST1038,24,Female,50,170,17.3,108,No,Yes,2457,3707,Weight Loss,Off Track,Premium,South
CUST1039,38,Male,87,157,35.3,34,No,No,3258,8959,Weight Loss,Off Track,Basic,North
CUST1040,26,Female,64,195,16.8,47,No,No,2382,4933,Maintenance,Off Track,Basic,North
CUST1041,56,Male,83,189,23.2,72,No,No,3292,4385,Weight Loss,Off Track,Basic,North
CUST1042,35,Male,84,195,22.1,71,No,No,2279,7636,Muscle Gain,On Track,Basic,North
CUST1043,21,Male,98,156,40.3,115,No,No,2370,1922,Maintenance,Off Track,Premium,West
CUST1044,42,Female,74,172,25.0,44,No,Yes,2015,9089,Muscle Gain,Off Track,Basic,South
CUST1045,31,Female,73,193,19.6,80,No,No,2437,11367,Muscle Gain,On Track,Basic,South
CUST1046,26,Female,61,181,18.6,80,Yes,Yes,2920,14737,Maintenance,On Track,Premium,East
CUST1047,43,Male,67,160,26.2,112,Yes,No,2365,10774,Muscle Gain,Off Track,Basic,North
CUST1048,19,Male,64,171,21.9,96,No,No,1605,1564,Muscle Gain,Off Track,Basic,East
CUST1049,37,Male,93,171,31.8,95,No,Yes,2608,4258,Muscle Gain,Off Track,Premium,West
CUST1050,45,Male,65,192,17.6,71,Yes,Yes,1713,11789,Maintenance,Off Track,Basic,East
CUST1051,64,Male,76,174,25.1,18,No,No,2644,3500,Maintenance,Off Track,Basic,North
CUST1052,24,Male,57,171,19.5,62,No,Yes,2655,5566,Muscle Gain,Off Track,Basic,South
CUST1053,61,Female,95,177,30.3,37,No,No,2349,10179,Maintenance,Off Track,Basic,South
CUST1054,25,Female,74,178,23.4,66,No,Yes,1696,7881,Maintenance,On Track,Premium,North
CUST1055,64,Female,66,162,25.1,58,Yes,Yes,1518,4636,Muscle Gain,Off Track,Basic,West
CUST1056,52,Female,78,167,28.0,68,No,No,2141,7030,Maintenance,Off Track,Premium,North
CUST1057,31,Male,57,151,25.0,12,No,No,2535,1223,Weight Loss,Off Track,Basic,West
CUST1058,34,Male,64,178,20.2,46,No,No,2604,7297,Maintenance,On Track,Premium,South
CUST1059,53,Female,76,170,26.3,109,No,No,1829,1350,Weight Loss,Off Track,Premium,West
CUST1060,57,Male,95,164,35.3,60,No,No,2365,8314,Muscle Gain,Off Track,Premium,North
CUST1061,21,Female,99,176,32.0,30,No,No,2273,2928,Maintenance,Off Track,Basic,North
CUST1062,19,Female,56,199,14.1,118,No,No,1891,8743,Muscle Gain,Off Track,Basic,North
CUST1063,23,Female,52,180,16.0,79,No,No,2136,9540,Muscle Gain,Off Track,Basic,West
CUST1064,59,Male,78,164,29.0,113,No,No,1806,13469,Muscle Gain,Off Track,Premium,West
CUST1065,21,Female,93,172,31.4,95,No,No,2790,5732,Muscle Gain,Off Track,Basic,West
CUST1066,46,Female,73,173,24.4,21,Yes,Yes,2970,2017,Muscle Gain,Off Track,Basic,South
CUST1067,35,Female,52,193,14.0,92,Yes,No,2964,3226,Maintenance,Off Track,Basic,East
CUST1068,43,Male,69,162,26.3,85,No,Yes,2394,8206,Weight Loss,Off Track,Basic,East
CUST1069,61,Male,95,171,32.5,42,No,No,2151,14059,Maintenance,Off Track,Premium,North
CUST1070,51,Female,64,192,17.4,66,No,Yes,2340,8170,Maintenance,Off Track,Premium,South
CUST1071,27,Male,74,186,21.4,53,No,No,2525,14303,Maintenance,On Track,Basic,West
CUST1072,53,Male,79,182,23.8,9,No,No,2019,7207,Maintenance,Off Track,Basic,North
CUST1073,31,Male,63,152,27.3,41,No,Yes,3285,13316,Weight Loss,Off Track,Basic,South
CUST1074,48,Male,56,168,19.8,63,No,Yes,3174,3419,Maintenance,Off Track,Premium,North
CUST1075,32,Male,66,172,22.3,20,No,Yes,2135,7240,Muscle Gain,Off Track,Basic,South
CUST1076,25,Male,93,178,29.4,79,Yes,No,2832,2893,Maintenance,Off Track,Premium,South
CUST1077,31,Male,69,179,21.5,75,No,No,2239,14753,Maintenance,On Track,Premium,East
CUST1078,40,Male,85,188,24.0,65,No,Yes,3045,6322,Weight Loss,Off Track,Basic,North
CUST1079,57,Male,58,193,15.6,40,No,No,1968,12232,Weight Loss,Off Track,Basic,West
CUST1080,38,Male,87,196,22.6,23,No,No,1711,11260,Muscle Gain,Off Track,Basic,East
CUST1081,33,Female,97,174,32.0,34,No,No,2635,8718,Maintenance,Off Track,Premium,East
CUST1082,62,Female,71,186,20.5,55,No,No,2531,7878,Maintenance,On Track,Premium,West
CUST1083,35,Male,51,196,13.3,29,Yes,No,2303,2125,Maintenance,Off Track,Basic,South
CUST1084,64,Female,73,157,29.6,56,No,No,1976,4117,Muscle Gain,Off Track,Premium,West
CUST1085,41,Female,57,191,15.6,93,No,Yes,2373,5161,Weight Loss,Off Track,Basic,North
CUST1086,43,Male,60,165,22.0,46,Yes,Yes,1959,5042,Muscle Gain,Off Track,Basic,West
CUST1087,42,Male,62,157,25.2,34,Yes,Yes,1752,14422,Maintenance,Off Track,Premium,South
CUST1088,62,Male,66,150,29.3,18,No,Yes,3049,5433,Weight Loss,Off Track,Premium,West
CUST1089,58,Female,57,193,15.3,113,Yes,No,2251,11362,Weight Loss,Off Track,Premium,South
CUST1090,46,Female,70,154,29.5,7,No,No,2961,9638,Muscle Gain,Off Track,Premium,South
CUST1091,32,Male,67,152,29.0,25,No,No,3277,3658,Weight Loss,Off Track,Basic,North
CUST1092,62,Male,79,150,35.1,112,No,Yes,2480,12554,Weight Loss,Off Track,Basic,West
CUST1093,18,Male,67,153,28.6,103,No,Yes,2353,11910,Maintenance,Off Track,Basic,West
CUST1094,42,Female,95,189,26.6,70,No,No,3184,4483,Maintenance,Off Track,Premium,North
CUST1095,24,Female,96,184,28.4,29,No,No,1735,3944,Weight Loss,Off Track,Basic,South
CUST1096,26,Female,80,181,24.4,6,Yes,Yes,2829,13568,Weight Loss,Off Track,Premium,West
CUST1097,41,Female,87,191,23.8,66,No,No,1977,8210,Muscle Gain,On Track,Premium,North
CUST1098,18,Male,81,183,24.2,64,No,No,2178,8653,Muscle Gain,On Track,Premium,South
CUST1099,61,Male,60,192,16.3,35,No,No,2543,9787,Weight Loss,Off Track,Basic,North
CUST1100,25,Male,94,174,31.0,24,No,No,1715,2986,Maintenance,Off Track,Premium,West
CUST1101,41,Male,74,159,29.3,36,No,Yes,2354,11942,Weight Loss,Off Track,Premium,North
CUST1102,28,Female,82,170,28.4,0,Yes,Yes,1634,2074,Weight Loss,Off Track,Premium,East
CUST1103,34,Female,87,195,22.9,14,Yes,No,2404,13161,Maintenance,Off Track,Premium,South
CUST1104,25,Male,90,188,25.5,36,No,No,2652,5305,Maintenance,Off Track,Premium,East
CUST1105,52,Male,57,176,18.4,12,No,No,1909,13413,Muscle Gain,Off Track,Premium,East
CUST1106,52,Female,60,176,19.4,103,Yes,No,2945,13779,Muscle Gain,On Track,Premium,South
CUST1107,50,Male,71,151,31.1,7,No,Yes,2817,12772,Muscle Gain,Off Track,Premium,South
CUST1108,22,Female,73,190,20.2,4,No,No,2769,4007,Muscle Gain,Off Track,Premium,North
CUST1109,59,Male,90,197,23.2,59,No,Yes,3224,1969,Maintenance,Off Track,Premium,South
CUST1110,56,Male,66,162,25.1,72,No,No,3079,9772,Weight Loss,Off Track,Premium,East
CUST1111,58,Male,61,158,24.4,0,Yes,No,1585,3824,Muscle Gain,Off Track,Premium,East
CUST1112,45,Male,95,185,27.8,35,No,No,2055,13193,Muscle Gain,Off Track,Basic,West
CUST1113,24,Male,81,171,27.7,34,No,No,3365,2211,Maintenance,Off Track,Basic,South
CUST1114,26,Male,64,191,17.5,65,No,No,2898,1229,Maintenance,Off Track,Premium,East
CUST1115,25,Male,65,175,21.2,62,No,No,2969,5284,Weight Loss,Off Track,Premium,West
CUST1116,29,Female,71,161,27.4,103,Yes,No,1877,4185,Weight Loss,Off Track,Premium,West
CUST1117,51,Female,77,166,27.9,22,No,Yes,2913,1501,Maintenance,Off Track,Basic,North
CUST1118,50,Female,69,163,26.0,8,No,Yes,3180,11324,Muscle Gain,Off Track,Basic,East
CUST1119,40,Female,82,163,30.9,33,No,Yes,2574,1048,Muscle Gain,Off Track,Basic,North
CUST1120,41,Female,59,183,17.6,45,No,Yes,1741,4566,Muscle Gain,Off Track,Premium,East
CUST1121,54,Male,89,169,31.2,77,No,No,2817,4055,Weight Loss,Off Track,Premium,North
CUST1122,52,Male,81,160,31.6,3,No,No,2419,9880,Muscle Gain,Off Track,Premium,North
CUST1123,61,Female,99,165,36.4,29,No,No,3086,1386,Muscle Gain,Off Track,Premium,South
CUST1124,57,Male,82,180,25.3,94,No,Yes,1765,1969,Maintenance,Off Track,Basic,North
CUST1125,39,Female,51,155,21.2,101,No,No,2643,12652,Muscle Gain,On Track,Premium,South
CUST1126,44,Female,82,168,29.1,74,No,No,2211,10197,Maintenance,Off Track,Basic,West
CUST1127,52,Male,82,186,23.7,98,No,No,3440,6820,Muscle Gain,Off Track,Basic,East
CUST1128,18,Male,90,153,38.4,71,Yes,No,2771,4052,Weight Loss,Off Track,Premium,West
CUST1129,52,Male,62,196,16.1,2,No,No,1569,12609,Muscle Gain,Off Track,Basic,East
CUST1130,54,Female,79,153,33.7,13,No,Yes,3376,8397,Muscle Gain,Off Track,Basic,West
CUST1131,64,Male,82,169,28.7,59,No,Yes,1556,3302,Maintenance,Off Track,Basic,East
CUST1132,31,Female,62,159,24.5,76,No,No,2905,3283,Maintenance,Off Track,Basic,North
CUST1133,20,Female,75,173,25.1,44,No,No,1538,10799,Maintenance,Off Track,Premium,East
CUST1134,18,Female,71,184,21.0,95,No,No,2300,5366,Muscle Gain,Off Track,Premium,East
CUST1135,22,Male,88,175,28.7,33,No,Yes,2966,1122,Muscle Gain,Off Track,Basic,West
CUST1136,43,Male,51,186,14.7,44,No,No,2541,7799,Weight Loss,Off Track,Premium,West
CUST1137,31,Female,87,187,24.9,60,No,No,3475,10472,Muscle Gain,On Track,Basic,West
CUST1138,56,Male,88,170,30.4,82,No,No,2231,4727,Weight Loss,Off Track,Premium,South
CUST1139,44,Male,75,189,21.0,101,No,Yes,2324,14732,Maintenance,On Track,Premium,South
CUST1140,26,Male,95,188,26.9,15,No,Yes,2255,9450,Maintenance,Off Track,Premium,East
CUST1141,32,Female,99,170,34.3,65,No,No,1851,10139,Maintenance,Off Track,Premium,East
CUST1142,32,Female,64,159,25.3,39,No,No,3495,5958,Weight Loss,Off Track,Premium,North
CUST1143,43,Male,83,187,23.7,16,No,Yes,3339,1524,Muscle Gain,Off Track,Basic,North
CUST1144,59,Female,91,195,23.9,118,No,Yes,2821,10079,Maintenance,On Track,Premium,East
CUST1145,30,Male,93,153,39.7,33,No,No,1782,9399,Muscle Gain,Off Track,Basic,South
CUST1146,49,Male,98,194,26.0,105,Yes,No,3109,12574,Muscle Gain,Off Track,Basic,East
CUST1147,56,Male,89,169,31.2,15,No,No,1609,11986,Maintenance,Off Track,Premium,North
CUST1148,49,Male,60,166,21.8,101,No,No,2516,1148,Weight Loss,Off Track,Basic,South
CUST1149,21,Female,52,156,21.4,59,No,No,2703,9001,Muscle Gain,On Track,Premium,South
CUST1150,47,Female,55,153,23.5,65,Yes,Yes,3461,1437,Maintenance,Off Track,Basic,North
CUST1151,54,Female,58,178,18.3,65,No,No,2043,11394,Muscle Gain,Off Track,Basic,East
CUST1152,40,Male,55,163,20.7,89,No,No,3269,4749,Muscle Gain,Off Track,Premium,West
CUST1153,56,Male,58,152,25.1,12,Yes,No,3317,12353,Muscle Gain,Off Track,Premium,East
CUST1154,62,Male,88,173,29.4,55,No,No,1524,13093,Muscle Gain,Off Track,Premium,East
CUST1155,32,Female,80,186,23.1,110,No,Yes,2342,9186,Muscle Gain,On Track,Premium,North
CUST1156,60,Male,81,165,29.8,30,Yes,Yes,2290,5453,Weight Loss,Off Track,Basic,South
CUST1157,46,Female,90,153,38.4,33,No,No,2237,12437,Weight Loss,Off Track,Premium,North
CUST1158,53,Female,99,173,33.1,38,No,Yes,1556,6336,Maintenance,Off Track,Basic,East
CUST1159,30,Female,61,183,18.2,66,No,Yes,1679,5551,Weight Loss,Off Track,Basic,West
CUST1160,49,Female,57,179,17.8,7,No,No,1731,3823,Weight Loss,Off Track,Basic,West
CUST1161,24,Female,57,167,20.4,86,Yes,No,3417,6728,Weight Loss,Off Track,Basic,West
CUST1162,39,Female,99,168,35.1,77,Yes,No,1842,13916,Muscle Gain,Off Track,Basic,North
CUST1163,45,Male,77,180,23.8,119,Yes,No,1976,12462,Muscle Gain,On Track,Basic,South
CUST1164,19,Male,69,168,24.4,54,Yes,No,3322,9677,Maintenance,On Track,Premium,North
CUST1165,59,Female,96,198,24.5,26,No,No,2075,9391,Maintenance,Off Track,Basic,West
CUST1166,62,Female,56,195,14.7,117,No,No,1954,13658,Maintenance,Off Track,Basic,East
CUST1167,23,Male,60,168,21.3,92,No,No,2755,14301,Muscle Gain,On Track,Basic,South
CUST1168,45,Female,69,171,23.6,102,No,No,1788,2982,Weight Loss,Off Track,Premium,North
CUST1169,45,Female,65,173,21.7,52,Yes,No,2736,7996,Weight Loss,On Track,Premium,North
CUST1170,61,Male,53,194,14.1,38,No,No,1757,10663,Muscle Gain,Off Track,Basic,South
CUST1171,61,Female,55,161,21.2,64,No,No,2029,13535,Maintenance,On Track,Premium,South
CUST1172,37,Female,71,179,22.2,16,No,No,2186,14075,Maintenance,Off Track,Basic,East
CUST1173,47,Female,75,187,21.4,104,No,Yes,2428,3311,Maintenance,Off Track,Premium,South
CUST1174,28,Male,52,180,16.0,29,No,No,1728,8225,Muscle Gain,Off Track,Basic,East
CUST1175,45,Male,90,185,26.3,52,No,Yes,2749,12565,Maintenance,Off Track,Premium,West
CUST1176,42,Male,91,168,32.2,12,No,No,2095,11270,Maintenance,Off Track,Premium,West
CUST1177,56,Female,63,197,16.2,20,No,No,3326,10713,Muscle Gain,Off Track,Premium,North
CUST1178,50,Female,60,194,15.9,18,No,No,1934,14560,Weight Loss,Off Track,Basic,West
CUST1179,18,Male,67,185,19.6,52,No,No,2381,1604,Muscle Gain,Off Track,Basic,West
CUST1180,44,Female,61,179,19.0,18,No,No,2520,9175,Muscle Gain,Off Track,Basic,East
CUST1181,30,Female,72,198,18.4,56,No,No,3281,13040,Muscle Gain,Off Track,Premium,North
CUST1182,58,Female,61,182,18.4,24,No,No,1901,12534,Muscle Gain,Off Track,Premium,South
CUST1183,20,Female,62,167,22.2,85,No,No,2121,6785,Weight Loss,Off Track,Basic,North
CUST1184,56,Female,74,198,18.9,30,No,Yes,3289,10609,Maintenance,On Track,Premium,West
CUST1185,23,Male,94,177,30.0,80,No,Yes,1587,5597,Muscle Gain,Off Track,Basic,South
CUST1186,25,Female,68,196,17.7,54,No,Yes,2083,8759,Weight Loss,Off Track,Basic,North
CUST1187,44,Male,95,160,37.1,22,Yes,No,3416,13067,Maintenance,Off Track,Basic,North
CUST1188,26,Female,85,194,22.6,31,No,No,3065,8532,Maintenance,On Track,Basic,North
CUST1189,54,Male,94,182,28.4,61,No,No,3207,12125,Maintenance,Off Track,Premium,North
CUST1190,50,Female,57,166,20.7,73,No,Yes,1808,9740,Muscle Gain,On Track,Premium,East
CUST1191,59,Male,78,155,32.5,9,Yes,Yes,2405,14653,Muscle Gain,Off Track,Premium,North
CUST1192,61,Female,81,153,34.6,99,No,No,1842,1838,Maintenance,Off Track,Basic,West
CUST1193,41,Male,93,169,32.6,71,No,Yes,1935,14718,Maintenance,Off Track,Premium,West
CUST1194,32,Female,67,197,17.3,53,No,No,1676,14736,Maintenance,Off Track,Basic,East
CUST1195,49,Male,55,196,14.3,51,No,No,1638,4815,Maintenance,Off Track,Basic,South
CUST1196,49,Female,67,176,21.6,19,No,No,1693,1847,Maintenance,Off Track,Basic,South
CUST1197,41,Male,68,164,25.3,31,No,Yes,2709,5709,Maintenance,Off Track,Basic,West
CUST1198,58,Male,71,155,29.6,113,No,Yes,2741,5507,Weight Loss,Off Track,Basic,West
CUST1199,29,Female,86,196,22.4,13,Yes,Yes,2687,7575,Maintenance,Off Track,Basic,East
CUST1200,56,Female,81,163,30.5,49,No,No,2684,5773,Muscle Gain,Off Track,Premium,South
CUST1201,19,Male,90,160,35.2,27,Yes,No,2442,13446,Muscle Gain,Off Track,Premium,South
CUST1202,20,Female,52,188,14.7,109,No,Yes,2024,5468,Muscle Gain,Off Track,Premium,North
CUST1203,54,Male,77,158,30.8,115,No,No,3331,11464,Maintenance,Off Track,Premium,North
CUST1204,34,Male,59,175,19.3,52,Yes,No,3124,6192,Muscle Gain,Off Track,Basic,North
CUST1205,19,Male,84,165,30.9,23,Yes,Yes,3359,4320,Weight Loss,Off Track,Basic,East
CUST1206,19,Female,78,154,32.9,78,Yes,No,2565,11750,Maintenance,Off Track,Premium,West
CUST1207,45,Male,64,159,25.3,21,No,No,2414,5698,Muscle Gain,Off Track,Premium,East
CUST1208,40,Male,82,199,20.7,29,No,Yes,1709,5311,Weight Loss,Off Track,Premium,South
CUST1209,54,Female,56,152,24.2,62,No,No,2240,11188,Weight Loss,On Track,Premium,West
CUST1210,49,Female,61,162,23.2,3,Yes,No,2361,4673,Muscle Gain,Off Track,Premium,North
CUST1211,50,Female,98,192,26.6,76,Yes,No,2798,2564,Weight Loss,Off Track,Premium,East
CUST1212,18,Female,79,198,20.2,58,Yes,No,2453,13210,Muscle Gain,On Track,Premium,East
CUST1213,36,Male,70,179,21.8,86,Yes,No,2802,2840,Weight Loss,Off Track,Premium,North
CUST1214,19,Male,80,194,21.3,7,No,No,2774,7058,Maintenance,Off Track,Basic,East
CUST1215,61,Male,73,155,30.4,81,No,No,2833,8131,Maintenance,Off Track,Basic,North
CUST1216,43,Male,69,166,25.0,11,No,No,3243,12483,Maintenance,Off Track,Basic,South
CUST1217,49,Female,86,194,22.9,118,Yes,No,2332,12079,Maintenance,On Track,Basic,West
CUST1218,23,Male,53,168,18.8,30,No,Yes,1639,1726,Maintenance,Off Track,Premium,South
CUST1219,49,Male,77,191,21.1,77,No,No,2291,10436,Muscle Gain,On Track,Basic,South
CUST1220,21,Female,93,184,27.5,33,No,No,2045,12652,Maintenance,Off Track,Premium,North
CUST1221,28,Male,69,195,18.1,81,No,No,3344,7697,Maintenance,Off Track,Basic,East
CUST1222,34,Male,73,175,23.8,119,Yes,No,2516,12910,Maintenance,On Track,Premium,South
CUST1223,55,Male,99,154,41.7,97,No,Yes,3427,10257,Maintenance,Off Track,Premium,South
CUST1224,41,Male,98,178,30.9,74,No,No,3053,13963,Weight Loss,Off Track,Basic,South
CUST1225,22,Male,81,186,23.4,104,No,Yes,1556,1282,Maintenance,Off Track,Basic,East
CUST1226,51,Male,90,169,31.5,75,No,No,1611,2081,Maintenance,Off Track,Premium,East
CUST1227,23,Female,85,198,21.7,48,No,No,1504,4885,Muscle Gain,Off Track,Premium,North
CUST1228,39,Female,83,170,28.7,78,No,No,2933,3881,Weight Loss,Off Track,Premium,South
CUST1229,28,Male,85,159,33.6,56,No,No,2937,11776,Muscle Gain,Off Track,Basic,West
CUST1230,33,Male,51,154,21.5,94,No,No,2705,3970,Maintenance,Off Track,Basic,East
CUST1231,50,Female,64,185,18.7,112,No,No,2536,10344,Muscle Gain,On Track,Premium,North
CUST1232,26,Male,83,155,34.5,92,No,No,2862,7985,Muscle Gain,Off Track,Basic,South
CUST1233,23,Male,85,175,27.8,25,No,No,3320,12689,Maintenance,Off Track,Premium,West
CUST1234,33,Male,55,153,23.5,17,Yes,No,2782,1947,Weight Loss,Off Track,Basic,East
CUST1235,46,Female,88,188,24.9,95,No,Yes,1589,5760,Weight Loss,Off Track,Basic,West
CUST1236,20,Male,91,188,25.7,85,No,Yes,2115,10909,Muscle Gain,Off Track,Basic,East
CUST1237,37,Female,61,199,15.4,37,No,No,2390,14436,Maintenance,Off Track,Basic,North
CUST1238,53,Male,52,184,15.4,80,No,No,2197,1066,Muscle Gain,Off Track,Basic,West
CUST1239,36,Female,94,150,41.8,86,No,No,2773,9828,Muscle Gain,Off Track,Premium,South
CUST1240,43,Female,67,173,22.4,87,Yes,Yes,2778,9505,Muscle Gain,On Track,Premium,South
CUST1241,20,Male,89,185,26.0,49,No,No,3111,12589,Maintenance,Off Track,Basic,East
CUST1242,36,Female,70,155,29.1,7,Yes,No,2397,1564,Maintenance,Off Track,Premium,South
CUST1243,37,Male,64,190,17.7,40,No,Yes,2470,10793,Weight Loss,Off Track,Premium,West
CUST1244,49,Female,82,195,21.6,5,Yes,No,2631,10017,Maintenance,Off Track,Basic,North
CUST1245,24,Male,84,193,22.6,68,No,No,2167,14393,Muscle Gain,On Track,Premium,East
CUST1246,58,Male,75,180,23.1,43,No,No,2093,4670,Muscle Gain,Off Track,Basic,West
CUST1247,50,Female,57,169,20.0,63,No,No,2088,10217,Weight Loss,On Track,Premium,East
CUST1248,57,Male,85,173,28.4,28,No,No,1984,3251,Maintenance,Off Track,Premium,North
CUST1249,56,Male,97,174,32.0,27,No,Yes,2481,13949,Muscle Gain,Off Track,Premium,East
CUST1250,35,Female,79,185,23.1,10,No,No,2471,1804,Weight Loss,Off Track,Premium,South
CUST1251,57,Male,72,170,24.9,64,No,No,2781,11643,Weight Loss,On Track,Premium,South
CUST1252,18,Male,91,179,28.4,106,Yes,No,2138,5631,Muscle Gain,Off Track,Premium,East
CUST1253,28,Female,93,173,31.1,18,No,No,2496,10583,Muscle Gain,Off Track,Premium,North
CUST1254,45,Female,63,193,16.9,8,Yes,No,3426,2235,Maintenance,Off Track,Basic,North
CUST1255,42,Male,63,191,17.3,26,No,No,1781,7720,Weight Loss,Off Track,Basic,South
CUST1256,40,Male,51,179,15.9,33,No,Yes,2485,13224,Muscle Gain,Off Track,Basic,North
CUST1257,48,Female,86,171,29.4,43,No,No,2611,12472,Weight Loss,Off Track,Basic,East
CUST1258,47,Female,54,177,17.2,67,No,No,2727,7906,Maintenance,Off Track,Premium,West
CUST1259,59,Male,87,156,35.7,99,No,No,1515,7016,Muscle Gain,Off Track,Premium,East
CUST1260,52,Female,94,184,27.8,81,Yes,No,2674,13915,Maintenance,Off Track,Premium,South
CUST1261,24,Male,90,177,28.7,14,No,Yes,2435,14036,Weight Loss,Off Track,Basic,South
CUST1262,33,Male,96,163,36.1,50,No,No,1753,4549,Maintenance,Off Track,Basic,South
CUST1263,43,Male,63,159,24.9,12,No,No,2711,13392,Maintenance,Off Track,Basic,North
CUST1264,19,Male,88,165,32.3,82,No,No,1828,8938,Weight Loss,Off Track,Premium,East
CUST1265,18,Male,74,165,27.2,48,No,No,2043,5141,Maintenance,Off Track,Basic,West
CUST1266,29,Female,69,180,21.3,69,No,No,2282,7966,Weight Loss,On Track,Premium,East
CUST1267,22,Female,51,191,14.0,111,No,Yes,2496,10546,Muscle Gain,Off Track,Basic,West
CUST1268,54,Female,88,174,29.1,55,No,No,2920,6335,Weight Loss,Off Track,Premium,East
CUST1269,49,Female,55,162,21.0,75,No,Yes,3040,6077,Weight Loss,Off Track,Basic,South
CUST1270,26,Male,66,155,27.5,50,Yes,No,2982,14247,Muscle Gain,Off Track,Premium,West
CUST1271,58,Male,74,193,19.9,36,No,Yes,2853,6611,Weight Loss,Off Track,Basic,East
CUST1272,52,Male,77,158,30.8,16,No,Yes,3343,11028,Muscle Gain,Off Track,Basic,North
CUST1273,36,Male,51,194,13.6,57,No,No,2344,9089,Muscle Gain,Off Track,Premium,North
CUST1274,33,Female,84,185,24.5,86,Yes,No,2692,3892,Weight Loss,Off Track,Premium,East
CUST1275,20,Male,86,192,23.3,89,No,No,3216,11688,Maintenance,On Track,Basic,South
CUST1276,37,Male,54,169,18.9,28,No,No,1865,11775,Maintenance,Off Track,Premium,West
CUST1277,41,Female,50,167,17.9,32,No,No,2701,11750,Muscle Gain,Off Track,Basic,East
CUST1278,50,Female,89,192,24.1,59,No,No,2154,6577,Maintenance,Off Track,Premium,North
CUST1279,41,Female,61,170,21.1,90,Yes,No,2885,4618,Maintenance,Off Track,Basic,West
CUST1280,28,Female,85,153,36.3,88,No,Yes,2259,2559,Weight Loss,Off Track,Premium,North
CUST1281,25,Male,94,199,23.7,119,No,No,2138,7683,Muscle Gain,On Track,Basic,North
CUST1282,53,Male,72,182,21.7,54,No,No,3298,2507,Muscle Gain,Off Track,Basic,East
CUST1283,55,Female,96,176,31.0,9,No,No,2563,13263,Weight Loss,Off Track,Basic,North
CUST1284,57,Male,80,156,32.9,46,Yes,Yes,2423,3063,Maintenance,Off Track,Premium,West
CUST1285,37,Male,60,155,25.0,22,No,Yes,1915,4642,Muscle Gain,Off Track,Basic,South
CUST1286,52,Male,59,164,21.9,84,Yes,Yes,2878,3000,Maintenance,Off Track,Premium,East
CUST1287,42,Female,52,167,18.6,20,No,No,1754,14199,Muscle Gain,Off Track,Premium,West
CUST1288,52,Male,63,181,19.2,106,No,No,2666,2294,Muscle Gain,Off Track,Premium,East
CUST1289,42,Female,65,160,25.4,12,No,Yes,3275,5065,Muscle Gain,Off Track,Basic,North
CUST1290,46,Male,59,169,20.7,100,No,No,3263,11944,Muscle Gain,On Track,Premium,North
CUST1291,35,Male,78,173,26.1,32,No,No,3376,9014,Maintenance,Off Track,Premium,West
CUST1292,63,Male,59,164,21.9,23,No,No,2209,10945,Maintenance,Off Track,Premium,West
CUST1293,35,Female,61,197,15.7,107,No,No,2076,13402,Maintenance,Off Track,Basic,South
CUST1294,19,Male,79,156,32.5,10,No,Yes,2399,2603,Maintenance,Off Track,Premium,West
CUST1295,52,Female,90,170,31.1,16,No,No,1510,2322,Weight Loss,Off Track,Premium,West
CUST1296,33,Female,50,191,13.7,67,Yes,No,3143,6956,Muscle Gain,Off Track,Premium,East
CUST1297,58,Female,54,175,17.6,46,No,No,1525,3441,Muscle Gain,Off Track,Premium,North
CUST1298,53,Male,69,193,18.5,24,No,No,2456,2098,Muscle Gain,Off Track,Basic,West
CUST1299,50,Male,57,163,21.5,93,No,Yes,1920,6073,Weight Loss,Off Track,Basic,South
CUST1300,21,Male,92,186,26.6,72,No,No,3186,10697,Maintenance,Off Track,Premium,West
CUST1301,50,Male,61,170,21.1,20,No,Yes,2744,10318,Muscle Gain,Off Track,Premium,North
CUST1302,31,Female,50,167,17.9,83,Yes,No,3376,9488,Maintenance,Off Track,Premium,West
CUST1303,38,Female,69,154,29.1,82,No,No,1995,12241,Maintenance,Off Track,Premium,East
CUST1304,37,Female,77,152,33.3,82,No,Yes,2760,11417,Weight Loss,Off Track,Basic,North
CUST1305,25,Male,92,172,31.1,11,No,No,1736,14350,Weight Loss,Off Track,Basic,West
CUST1306,24,Female,86,175,28.1,36,Yes,Yes,2508,13546,Maintenance,Off Track,Basic,East
CUST1307,20,Male,96,186,27.7,41,No,No,1718,4787,Muscle Gain,Off Track,Basic,North
CUST1308,34,Female,86,173,28.7,16,No,No,3010,3096,Muscle Gain,Off Track,Premium,West
CUST1309,50,Male,61,198,15.6,100,No,No,3459,12801,Weight Loss,Off Track,Premium,East
CUST1310,29,Male,86,168,30.5,117,Yes,No,1960,3208,Weight Loss,Off Track,Basic,South
CUST1311,39,Female,98,174,32.4,47,No,No,2162,6988,Weight Loss,Off Track,Basic,East
CUST1312,39,Female,98,170,33.9,102,No,No,2134,1175,Weight Loss,Off Track,Premium,South
CUST1313,63,Female,93,161,35.9,27,No,No,2667,8169,Weight Loss,Off Track,Premium,West
CUST1314,47,Female,77,190,21.3,40,No,No,2489,14288,Weight Loss,On Track,Premium,East
CUST1315,55,Male,96,182,29.0,98,No,Yes,1688,7014,Weight Loss,Off Track,Premium,South
CUST1316,55,Female,64,199,16.2,46,No,No,1754,11694,Muscle Gain,Off Track,Premium,North
CUST1317,62,Female,55,153,23.5,111,Yes,Yes,1567,13191,Weight Loss,On Track,Basic,East
CUST1318,25,Female,93,191,25.5,17,No,No,2115,2667,Weight Loss,Off Track,Basic,West
CUST1319,44,Male,69,156,28.4,77,No,Yes,1835,13563,Muscle Gain,Off Track,Premium,North
CUST1320,44,Male,99,171,33.9,98,No,Yes,2170,11737,Muscle Gain,Off Track,Premium,South
CUST1321,51,Female,63,182,19.0,107,Yes,No,2320,9867,Maintenance,On Track,Basic,East
CUST1322,38,Male,51,166,18.5,104,Yes,No,2373,2823,Weight Loss,Off Track,Premium,East
CUST1323,47,Female,58,173,19.4,70,No,No,2932,6147,Weight Loss,Off Track,Basic,West
CUST1324,50,Male,86,183,25.7,104,No,Yes,1799,2356,Weight Loss,Off Track,Basic,North
CUST1325,45,Male,69,177,22.0,12,No,No,3431,4072,Weight Loss,Off Track,Basic,East
CUST1326,64,Male,75,192,20.3,81,No,No,3125,4259,Maintenance,Off Track,Basic,East
CUST1327,50,Male,78,190,21.6,100,No,No,1856,7199,Muscle Gain,On Track,Premium,North
CUST1328,22,Female,50,188,14.1,12,No,Yes,1755,1546,Muscle Gain,Off Track,Premium,East
CUST1329,36,Female,84,171,28.7,99,No,No,2507,6231,Weight Loss,Off Track,Basic,North
CUST1330,21,Female,55,198,14.0,30,No,Yes,1852,8965,Weight Loss,Off Track,Premium,North
CUST1331,52,Male,86,166,31.2,1,No,No,3255,3083,Weight Loss,Off Track,Premium,North
CUST1332,34,Female,54,183,16.1,15,Yes,No,3044,3040,Maintenance,Off Track,Premium,West
CUST1333,61,Female,82,155,34.1,8,No,No,2023,5534,Maintenance,Off Track,Premium,North
CUST1334,45,Female,98,195,25.8,72,No,No,3360,2752,Muscle Gain,Off Track,Basic,North
CUST1335,47,Male,63,155,26.2,37,No,No,2449,10807,Weight Loss,Off Track,Premium,South
CUST1336,46,Male,61,183,18.2,74,No,No,2255,2849,Weight Loss,Off Track,Basic,South
CUST1337,63,Male,91,150,40.4,53,No,No,3217,3642,Weight Loss,Off Track,Basic,West
CUST1338,23,Female,69,159,27.3,55,No,No,1783,2600,Weight Loss,Off Track,Premium,North
CUST1339,52,Female,99,170,34.3,85,No,No,2835,12588,Maintenance,Off Track,Basic,South
CUST1340,58,Female,73,154,30.8,96,No,No,1598,14951,Muscle Gain,Off Track,Premium,South
CUST1341,54,Male,92,151,40.3,99,No,No,1696,5402,Muscle Gain,Off Track,Premium,East
CUST1342,41,Male,83,171,28.4,108,No,No,1981,12797,Maintenance,Off Track,Basic,North
CUST1343,46,Female,74,197,19.1,86,Yes,No,2377,4799,Weight Loss,Off Track,Premium,South
CUST1344,63,Male,99,151,43.4,44,Yes,No,2749,1618,Muscle Gain,Off Track,Basic,West
CUST1345,48,Male,78,159,30.9,108,No,Yes,3368,2132,Muscle Gain,Off Track,Basic,East
CUST1346,52,Male,88,183,26.3,33,No,No,2114,6491,Maintenance,Off Track,Premium,East
CUST1347,50,Male,80,165,29.4,8,No,No,2117,14667,Weight Loss,Off Track,Premium,North
CUST1348,38,Female,96,197,24.7,87,No,Yes,2888,6795,Muscle Gain,Off Track,Premium,North
CUST1349,49,Male,92,188,26.0,7,No,Yes,1867,11307,Weight Loss,Off Track,Basic,East
CUST1350,40,Male,99,171,33.9,6,No,No,2069,11531,Muscle Gain,Off Track,Premium,West
CUST1351,50,Male,72,161,27.8,35,No,No,2089,11931,Maintenance,Off Track,Basic,North
CUST1352,20,Male,93,173,31.1,17,No,No,2598,13468,Weight Loss,Off Track,Basic,North
CUST1353,35,Female,87,196,22.6,2,No,Yes,2565,8633,Maintenance,Off Track,Premium,East
CUST1354,42,Female,69,189,19.3,27,No,No,1921,2487,Muscle Gain,Off Track,Premium,East
CUST1355,59,Male,72,187,20.6,69,No,Yes,2335,8848,Maintenance,On Track,Premium,North
CUST1356,48,Male,94,159,37.2,107,No,No,2704,6009,Maintenance,Off Track,Basic,South
CUST1357,20,Male,65,184,19.2,43,Yes,Yes,2044,10749,Maintenance,On Track,Premium,North
CUST1358,57,Male,99,198,25.3,20,No,Yes,1570,3113,Muscle Gain,Off Track,Basic,South
CUST1359,63,Male,91,181,27.8,27,No,Yes,3091,2044,Weight Loss,Off Track,Premium,East
CUST1360,41,Male,57,156,23.4,103,No,No,2628,14923,Maintenance,On Track,Premium,South
CUST1361,49,Female,99,170,34.3,53,No,Yes,2723,3431,Weight Loss,Off Track,Basic,West
CUST1362,64,Male,70,169,24.5,53,No,No,2624,8979,Muscle Gain,On Track,Basic,East
CUST1363,39,Female,50,175,16.3,64,No,No,2267,14926,Weight Loss,Off Track,Premium,North
CUST1364,40,Female,57,153,24.3,99,No,No,1806,2582,Maintenance,Off Track,Premium,North
CUST1365,19,Male,78,195,20.5,20,No,No,3109,2308,Maintenance,Off Track,Premium,East
CUST1366,44,Female,81,171,27.7,106,Yes,No,3206,5917,Maintenance,Off Track,Premium,East
CUST1367,59,Female,87,164,32.3,98,Yes,Yes,1876,9793,Maintenance,Off Track,Premium,West
CUST1368,19,Female,54,189,15.1,12,No,No,2154,2620,Maintenance,Off Track,Basic,East
CUST1369,43,Female,96,170,33.2,56,No,Yes,2177,14072,Maintenance,Off Track,Basic,North
CUST1370,34,Female,71,164,26.4,48,No,Yes,1898,8503,Muscle Gain,Off Track,Basic,West
CUST1371,57,Female,96,171,32.8,117,Yes,No,3296,14499,Muscle Gain,Off Track,Basic,North
CUST1372,50,Male,83,177,26.5,53,No,No,1720,5766,Muscle Gain,Off Track,Premium,South
CUST1373,26,Female,50,163,18.8,9,Yes,No,3118,6362,Weight Loss,Off Track,Basic,East
CUST1374,60,Female,75,176,24.2,52,No,No,1681,6192,Weight Loss,Off Track,Basic,South
CUST1375,56,Female,92,190,25.5,43,No,No,1806,7622,Muscle Gain,Off Track,Basic,North
CUST1376,46,Male,59,189,16.5,46,No,Yes,2021,7093,Weight Loss,Off Track,Premium,South
CUST1377,59,Female,79,177,25.2,52,Yes,Yes,2919,7704,Weight Loss,Off Track,Basic,South
CUST1378,43,Male,99,175,32.3,73,No,Yes,2513,1100,Maintenance,Off Track,Premium,North
CUST1379,52,Female,67,198,17.1,45,No,Yes,1503,7657,Maintenance,Off Track,Basic,North
CUST1380,42,Male,66,151,28.9,12,No,No,2362,6875,Weight Loss,Off Track,Premium,East
CUST1381,41,Male,75,174,24.8,36,No,No,3437,5271,Weight Loss,Off Track,Basic,South
CUST1382,30,Female,57,152,24.7,101,No,Yes,2347,1237,Muscle Gain,Off Track,Premium,West
CUST1383,24,Female,96,157,38.9,23,No,No,2303,8226,Weight Loss,Off Track,Basic,West
CUST1384,53,Male,89,193,23.9,1,No,No,2804,9032,Maintenance,Off Track,Premium,North
CUST1385,62,Female,98,182,29.6,85,No,Yes,1714,6218,Weight Loss,Off Track,Premium,North
CUST1386,37,Male,61,191,16.7,80,No,Yes,2471,5025,Muscle Gain,Off Track,Basic,South
CUST1387,18,Male,76,184,22.4,99,No,Yes,3133,12110,Maintenance,On Track,Premium,North
CUST1388,25,Male,57,155,23.7,13,No,Yes,2943,7073,Maintenance,Off Track,Premium,West
CUST1389,63,Male,74,188,20.9,9,Yes,Yes,1600,3542,Maintenance,Off Track,Basic,East
CUST1390,33,Male,95,172,32.1,34,Yes,No,2462,11195,Maintenance,Off Track,Basic,East
CUST1391,31,Female,53,174,17.5,24,No,Yes,3044,2537,Weight Loss,Off Track,Premium,South
CUST1392,29,Male,82,199,20.7,2,No,No,2072,1754,Muscle Gain,Off Track,Basic,East
CUST1393,40,Male,50,192,13.6,110,No,No,2832,12560,Weight Loss,Off Track,Basic,North
CUST1394,32,Female,68,168,24.1,101,No,No,2157,11450,Weight Loss,On Track,Basic,North
CUST1395,45,Male,80,154,33.7,16,No,No,2438,14434,Maintenance,Off Track,Premium,North
CUST1396,51,Female,65,160,25.4,11,No,Yes,3454,8396,Muscle Gain,Off Track,Premium,North
CUST1397,19,Female,63,161,24.3,53,No,No,3033,12857,Maintenance,On Track,Premium,South
CUST1398,49,Female,97,159,38.4,115,Yes,No,2586,8823,Weight Loss,Off Track,Premium,East
CUST1399,40,Male,54,157,21.9,23,No,Yes,3156,6507,Weight Loss,Off Track,Premium,West
CUST1400,39,Male,90,173,30.1,28,Yes,Yes,1725,5235,Maintenance,Off Track,Premium,East
CUST1401,42,Male,75,177,23.9,42,Yes,No,1604,1540,Weight Loss,Off Track,Premium,North
CUST1402,39,Female,77,190,21.3,24,No,No,3497,6510,Weight Loss,Off Track,Basic,West
CUST1403,39,Male,51,185,14.9,99,No,No,2271,9461,Maintenance,Off Track,Premium,South
CUST1404,59,Female,99,186,28.6,59,No,No,3384,8926,Weight Loss,Off Track,Premium,North
CUST1405,23,Male,55,170,19.0,89,No,No,2948,6131,Muscle Gain,Off Track,Basic,North
CUST1406,32,Female,58,157,23.5,101,No,Yes,2778,12652,Maintenance,On Track,Basic,West
CUST1407,60,Male,82,158,32.8,64,No,No,1928,12600,Muscle Gain,Off Track,Basic,South
CUST1408,54,Male,90,196,23.4,83,Yes,Yes,1933,9697,Weight Loss,On Track,Premium,West
CUST1409,50,Male,74,164,27.5,118,No,Yes,2730,2129,Weight Loss,Off Track,Basic,South
CUST1410,25,Female,97,197,25.0,27,No,No,2551,11271,Maintenance,Off Track,Premium,North
CUST1411,61,Female,62,195,16.3,15,No,No,2181,4145,Weight Loss,Off Track,Premium,East
CUST1412,61,Male,58,189,16.2,46,Yes,No,2859,12434,Maintenance,Off Track,Premium,North
CUST1413,22,Male,62,167,22.2,80,No,No,2087,14380,Maintenance,On Track,Basic,East
CUST1414,56,Female,80,191,21.9,103,No,No,3151,14100,Maintenance,On Track,Basic,East
CUST1415,21,Female,90,169,31.5,91,No,Yes,2592,9553,Maintenance,Off Track,Premium,South
CUST1416,23,Female,60,155,25.0,57,No,Yes,2365,4720,Maintenance,Off Track,Premium,West
CUST1417,62,Male,53,161,20.4,75,No,Yes,2245,10648,Muscle Gain,On Track,Premium,South
CUST1418,49,Female,83,151,36.4,26,No,No,3036,14216,Maintenance,Off Track,Basic,North
CUST1419,47,Male,87,156,35.7,117,No,No,2690,5067,Muscle Gain,Off Track,Premium,West
CUST1420,64,Female,95,165,34.9,52,No,No,2363,5195,Weight Loss,Off Track,Basic,East
CUST1421,52,Male,53,152,22.9,41,No,No,3253,10873,Maintenance,On Track,Premium,East
CUST1422,57,Female,87,194,23.1,58,No,No,3308,10244,Weight Loss,On Track,Basic,North
CUST1423,33,Female,68,152,29.4,46,No,Yes,1867,8281,Maintenance,Off Track,Premium,West
CUST1424,30,Female,55,176,17.8,93,No,Yes,1750,3509,Muscle Gain,Off Track,Basic,North
CUST1425,59,Female,83,199,21.0,104,No,No,2358,6016,Muscle Gain,Off Track,Basic,North
CUST1426,47,Female,67,192,18.2,33,No,No,2355,7533,Muscle Gain,Off Track,Basic,South
CUST1427,36,Male,62,189,17.4,36,No,No,3454,5727,Weight Loss,Off Track,Basic,North
CUST1428,34,Female,90,187,25.7,5,No,Yes,3209,1681,Maintenance,Off Track,Basic,West
CUST1429,36,Female,72,182,21.7,6,No,No,2693,4932,Weight Loss,Off Track,Basic,North
CUST1430,45,Female,68,177,21.7,95,No,No,3281,11321,Muscle Gain,On Track,Premium,West
CUST1431,43,Male,94,150,41.8,95,No,Yes,3458,14041,Weight Loss,Off Track,Premium,East
CUST1432,54,Female,60,157,24.3,116,No,No,2613,6560,Muscle Gain,Off Track,Premium,North
CUST1433,43,Male,50,186,14.5,24,No,No,2060,5016,Muscle Gain,Off Track,Premium,West
CUST1434,40,Female,73,181,22.3,32,No,No,2969,8339,Muscle Gain,On Track,Basic,East
CUST1435,26,Female,56,197,14.4,54,No,Yes,1793,12494,Maintenance,Off Track,Premium,West
CUST1436,29,Male,74,192,20.1,57,No,No,2418,1719,Maintenance,Off Track,Basic,East
CUST1437,18,Female,70,186,20.2,6,No,No,2673,1074,Muscle Gain,Off Track,Basic,South
CUST1438,18,Male,64,153,27.3,115,Yes,No,2655,10485,Weight Loss,Off Track,Basic,North
CUST1439,64,Male,50,179,15.6,56,No,No,1932,11114,Weight Loss,Off Track,Premium,North
CUST1440,51,Female,61,155,25.4,11,No,No,1558,5157,Maintenance,Off Track,Basic,East
CUST1441,49,Male,56,195,14.7,15,No,No,2468,14161,Muscle Gain,Off Track,Premium,South
CUST1442,42,Female,64,168,22.7,79,No,No,2335,9511,Weight Loss,On Track,Premium,West
CUST1443,57,Female,70,181,21.4,42,No,No,1698,3149,Muscle Gain,Off Track,Premium,South
CUST1444,62,Male,68,158,27.2,116,Yes,Yes,1714,10644,Weight Loss,Off Track,Premium,West
CUST1445,18,Male,78,161,30.1,99,No,No,2397,14161,Maintenance,Off Track,Premium,West
CUST1446,33,Male,74,160,28.9,76,No,Yes,3084,10747,Muscle Gain,Off Track,Basic,North
CUST1447,56,Male,82,195,21.6,6,No,No,1971,7713,Muscle Gain,Off Track,Basic,East
CUST1448,22,Female,98,165,36.0,99,No,No,3267,5207,Weight Loss,Off Track,Premium,North
CUST1449,39,Female,81,150,36.0,110,No,No,1746,12224,Weight Loss,Off Track,Basic,North
CUST1450,46,Male,98,194,26.0,50,Yes,No,1881,8141,Weight Loss,Off Track,Premium,North
CUST1451,20,Female,84,170,29.1,72,No,No,2490,9652,Muscle Gain,Off Track,Basic,West
CUST1452,29,Female,93,179,29.0,31,No,Yes,2762,10078,Maintenance,Off Track,Basic,North
CUST1453,43,Female,87,162,33.2,74,Yes,No,2426,12725,Maintenance,Off Track,Basic,West
CUST1454,33,Female,75,183,22.4,7,No,No,2890,4936,Weight Loss,Off Track,Basic,East
CUST1455,54,Male,60,153,25.6,96,No,Yes,2691,10307,Maintenance,Off Track,Basic,West
CUST1456,39,Male,84,177,26.8,86,No,Yes,2059,2075,Weight Loss,Off Track,Basic,West
CUST1457,46,Female,57,187,16.3,88,No,No,2574,4876,Maintenance,Off Track,Basic,South
CUST1458,31,Male,95,180,29.3,119,Yes,No,3334,5615,Muscle Gain,Off Track,Basic,North
CUST1459,45,Male,63,176,20.3,71,Yes,No,3133,14099,Weight Loss,On Track,Basic,North
CUST1460,22,Male,59,154,24.9,44,No,No,3474,8265,Maintenance,On Track,Basic,North
CUST1461,64,Female,51,174,16.8,85,No,Yes,3251,7379,Muscle Gain,Off Track,Basic,North
CUST1462,47,Female,95,152,41.1,58,No,No,2188,11116,Maintenance,Off Track,Basic,South
CUST1463,63,Female,58,182,17.5,3,No,No,1879,14892,Muscle Gain,Off Track,Basic,South
CUST1464,22,Male,52,153,22.2,103,No,No,1973,10118,Muscle Gain,On Track,Premium,South
CUST1465,29,Female,70,174,23.1,66,No,No,2603,5652,Maintenance,Off Track,Basic,South
CUST1466,33,Female,75,169,26.3,28,No,No,2196,7792,Maintenance,Off Track,Basic,North
CUST1467,43,Male,57,183,17.0,104,No,No,2890,11473,Muscle Gain,Off Track,Basic,West
CUST1468,43,Female,97,175,31.7,28,No,No,2984,10247,Muscle Gain,Off Track,Basic,East
CUST1469,38,Female,51,154,21.5,97,Yes,Yes,2410,8456,Muscle Gain,On Track,Basic,South
CUST1470,56,Male,55,184,16.2,97,No,No,3062,5674,Weight Loss,Off Track,Basic,West
CUST1471,53,Male,77,177,24.6,27,No,No,2975,1541,Muscle Gain,Off Track,Premium,South
CUST1472,50,Male,78,178,24.6,76,No,No,2987,3161,Weight Loss,Off Track,Premium,North
CUST1473,47,Female,75,158,30.0,78,No,Yes,2459,3251,Muscle Gain,Off Track,Premium,North
CUST1474,54,Female,74,187,21.2,86,No,No,1977,10244,Weight Loss,On Track,Basic,West
CUST1475,40,Female,61,199,15.4,43,No,Yes,2503,5569,Muscle Gain,Off Track,Basic,West
CUST1476,27,Male,54,155,22.5,89,Yes,No,2425,3744,Muscle Gain,Off Track,Basic,West
CUST1477,22,Male,83,168,29.4,3,Yes,No,2943,13061,Muscle Gain,Off Track,Premium,North
CUST1478,53,Female,97,193,26.0,89,No,No,2206,14192,Maintenance,Off Track,Basic,North
CUST1479,51,Female,86,160,33.6,103,Yes,Yes,2737,7041,Maintenance,Off Track,Basic,East
CUST1480,48,Male,64,151,28.1,8,No,No,2892,13673,Muscle Gain,Off Track,Premium,West
CUST1481,27,Male,93,196,24.2,118,No,No,2353,13349,Weight Loss,On Track,Premium,East
CUST1482,36,Male,85,193,22.8,4,No,No,2637,13802,Weight Loss,Off Track,Basic,South
CUST1483,49,Male,64,193,17.2,55,No,No,2516,13717,Muscle Gain,Off Track,Basic,East
CUST1484,18,Female,92,158,36.9,95,No,No,2253,5675,Maintenance,Off Track,Basic,South
CUST1485,22,Male,97,170,33.6,83,No,No,2002,2560,Weight Loss,Off Track,Basic,South
CUST1486,62,Female,72,173,24.1,49,No,Yes,3159,12954,Maintenance,On Track,Premium,East
CUST1487,21,Female,55,183,16.4,74,Yes,Yes,2316,2164,Weight Loss,Off Track,Basic,West
CUST1488,33,Female,95,171,32.5,14,No,No,2087,6419,Muscle Gain,Off Track,Basic,South
CUST1489,41,Male,99,152,42.8,31,No,No,2834,3722,Maintenance,Off Track,Premium,West
CUST1490,33,Male,93,161,35.9,27,No,No,2992,11550,Weight Loss,Off Track,Basic,North
CUST1491,19,Male,92,177,29.4,21,No,Yes,3347,1470,Muscle Gain,Off Track,Basic,South
CUST1492,45,Male,94,179,29.3,104,Yes,Yes,2207,10608,Muscle Gain,Off Track,Premium,North
CUST1493,49,Female,70,175,22.9,16,No,No,3386,14953,Muscle Gain,Off Track,Premium,East
CUST1494,44,Male,72,197,18.6,58,No,Yes,2567,2468,Maintenance,Off Track,Basic,West
CUST1495,37,Male,92,170,31.8,89,No,No,2938,8925,Maintenance,Off Track,Premium,East
CUST1496,41,Female,65,177,20.7,107,No,Yes,3221,1808,Muscle Gain,Off Track,Premium,South
CUST1497,29,Male,96,175,31.3,70,No,No,3378,9363,Maintenance,Off Track,Basic,North
CUST1498,52,Female,64,182,19.3,105,Yes,No,2769,7719,Weight Loss,On Track,Premium,South
CUST1499,50,Female,74,170,25.6,56,No,Yes,3472,13318,Muscle Gain,Off Track,Basic,East
CUST1500,50,Female,85,184,25.1,25,Yes,No,2607,13334,Muscle Gain,Off Track,Basic,West
CUST1501,60,Female,60,183,17.9,24,No,Yes,1706,13417,Maintenance,Off Track,Basic,West
CUST1502,54,Female,64,190,17.7,9,No,No,1650,11591,Muscle Gain,Off Track,Basic,South
CUST1503,29,Female,53,196,13.8,44,No,No,2167,6073,Weight Loss,Off Track,Premium,South
CUST1504,20,Female,70,167,25.1,82,No,No,2027,9012,Maintenance,Off Track,Basic,North
CUST1505,18,Female,62,160,24.2,10,Yes,No,1664,2645,Maintenance,Off Track,Basic,East
CUST1506,50,Male,71,172,24.0,76,No,No,2416,14892,Muscle Gain,On Track,Basic,South
CUST1507,57,Male,68,197,17.5,52,Yes,Yes,3498,9249,Muscle Gain,Off Track,Basic,North
CUST1508,27,Male,83,171,28.4,71,No,Yes,2668,2129,Muscle Gain,Off Track,Premium,South
CUST1509,60,Male,63,166,22.9,103,No,No,2509,2353,Maintenance,Off Track,Premium,West
CUST1510,61,Female,53,154,22.3,67,No,No,1536,1767,Muscle Gain,Off Track,Premium,North
CUST1511,46,Male,97,193,26.0,110,No,No,1832,4895,Weight Loss,Off Track,Basic,North
CUST1512,30,Female,95,160,37.1,94,Yes,No,1902,9874,Muscle Gain,Off Track,Premium,South
CUST1513,29,Male,76,179,23.7,27,Yes,No,1913,4454,Muscle Gain,Off Track,Premium,East
CUST1514,48,Male,78,164,29.0,74,Yes,No,1544,11200,Maintenance,Off Track,Basic,West
CUST1515,63,Male,96,176,31.0,106,No,No,2925,8329,Muscle Gain,Off Track,Premium,East
CUST1516,19,Female,77,184,22.7,64,No,No,1705,12334,Maintenance,On Track,Basic,North
CUST1517,52,Male,84,182,25.4,48,No,No,1561,2790,Muscle Gain,Off Track,Premium,East
CUST1518,40,Female,57,169,20.0,46,No,Yes,1919,10669,Weight Loss,On Track,Premium,North
CUST1519,34,Female,65,165,23.9,51,No,Yes,2367,1885,Weight Loss,Off Track,Premium,East
CUST1520,43,Male,91,183,27.2,101,No,Yes,2991,8734,Maintenance,Off Track,Premium,South
CUST1521,25,Male,85,151,37.3,87,No,Yes,2319,4906,Maintenance,Off Track,Basic,East
CUST1522,46,Male,79,184,23.3,53,No,No,1518,5492,Muscle Gain,Off Track,Basic,North
CUST1523,43,Female,67,189,18.8,59,No,No,1864,10730,Muscle Gain,On Track,Premium,West
CUST1524,27,Male,51,177,16.3,56,Yes,No,2823,3073,Weight Loss,Off Track,Basic,West
CUST1525,43,Female,98,196,25.5,46,No,No,2530,1312,Muscle Gain,Off Track,Premium,West
CUST1526,51,Female,62,188,17.5,30,No,No,3284,7269,Weight Loss,Off Track,Premium,North
CUST1527,58,Male,53,155,22.1,104,No,Yes,1927,14876,Maintenance,On Track,Premium,East
CUST1528,24,Male,75,158,30.0,45,Yes,Yes,2640,6317,Muscle Gain,Off Track,Premium,West
CUST1529,21,Female,74,169,25.9,113,No,Yes,2079,1810,Maintenance,Off Track,Premium,West
CUST1530,62,Female,79,150,35.1,25,No,No,3030,11427,Muscle Gain,Off Track,Premium,West
CUST1531,28,Female,60,157,24.3,112,Yes,Yes,2045,7841,Weight Loss,On Track,Basic,South
CUST1532,46,Male,56,172,18.9,113,No,Yes,3229,12049,Maintenance,On Track,Basic,North
CUST1533,53,Female,80,152,34.6,4,No,No,1824,11955,Maintenance,Off Track,Premium,North
CUST1534,42,Male,93,153,39.7,83,Yes,No,1554,3032,Muscle Gain,Off Track,Basic,North
CUST1535,38,Female,59,174,19.5,51,Yes,Yes,2277,10699,Maintenance,On Track,Premium,North
CUST1536,53,Female,88,196,22.9,104,No,No,2491,13737,Weight Loss,On Track,Basic,North
CUST1537,27,Male,62,187,17.7,74,No,No,1541,11762,Maintenance,Off Track,Basic,South
CUST1538,54,Female,80,164,29.7,119,No,No,2820,11086,Maintenance,Off Track,Basic,East
CUST1539,26,Male,56,170,19.4,53,No,No,3496,14665,Muscle Gain,On Track,Premium,South
CUST1540,41,Male,98,184,28.9,32,Yes,Yes,1730,8129,Maintenance,Off Track,Basic,West
CUST1541,52,Female,91,195,23.9,49,No,Yes,1952,3705,Muscle Gain,Off Track,Premium,South
CUST1542,52,Male,91,163,34.3,37,No,No,3413,9788,Muscle Gain,Off Track,Premium,North
CUST1543,53,Male,85,185,24.8,26,Yes,No,1893,3147,Maintenance,Off Track,Premium,South
CUST1544,35,Female,69,161,26.6,97,No,No,3045,1615,Weight Loss,Off Track,Basic,North
CUST1545,56,Male,53,166,19.2,14,No,No,2881,1947,Muscle Gain,Off Track,Basic,South
CUST1546,49,Male,56,188,15.8,95,No,No,2967,6677,Maintenance,Off Track,Basic,North
CUST1547,41,Male,50,158,20.0,60,Yes,No,2651,5651,Muscle Gain,Off Track,Premium,West
CUST1548,40,Female,93,184,27.5,20,No,No,2190,13565,Weight Loss,Off Track,Premium,North
CUST1549,49,Male,94,162,35.8,45,No,No,2928,12956,Weight Loss,Off Track,Basic,South
CUST1550,54,Female,91,164,33.8,68,No,Yes,1891,8866,Muscle Gain,Off Track,Premium,West
CUST1551,29,Female,96,167,34.4,5,Yes,No,2716,3013,Weight Loss,Off Track,Basic,South
CUST1552,30,Male,62,182,18.7,37,No,Yes,2103,4697,Maintenance,Off Track,Basic,West
CUST1553,40,Male,71,155,29.6,61,No,Yes,2380,1490,Maintenance,Off Track,Basic,East
CUST1554,42,Male,70,176,22.6,85,No,No,3266,5350,Muscle Gain,Off Track,Basic,East
CUST1555,52,Female,71,172,24.0,61,No,Yes,2601,3428,Weight Loss,Off Track,Premium,East
CUST1556,58,Male,77,176,24.9,81,No,Yes,1584,5987,Maintenance,Off Track,Basic,South
CUST1557,47,Male,58,183,17.3,77,No,Yes,2553,9733,Maintenance,Off Track,Basic,South
CUST1558,34,Male,75,195,19.7,73,No,No,3248,10479,Maintenance,On Track,Basic,West
CUST1559,37,Male,58,187,16.6,45,No,No,1548,10825,Muscle Gain,Off Track,Basic,West
CUST1560,42,Male,64,163,24.1,12,No,No,3300,5920,Muscle Gain,Off Track,Basic,West
CUST1561,39,Female,59,185,17.2,94,No,Yes,2668,3926,Maintenance,Off Track,Basic,West
CUST1562,30,Female,73,157,29.6,93,No,No,1568,10544,Maintenance,Off Track,Basic,North
CUST1563,36,Male,91,184,26.9,2,No,No,2581,8282,Weight Loss,Off Track,Premium,East
CUST1564,53,Male,57,168,20.2,93,No,No,2196,5376,Weight Loss,Off Track,Premium,North
CUST1565,29,Male,73,179,22.8,5,Yes,No,3097,10490,Weight Loss,Off Track,Premium,North
CUST1566,58,Male,65,163,24.5,92,No,Yes,1978,5868,Muscle Gain,Off Track,Premium,North
CUST1567,36,Female,98,169,34.3,7,No,No,2319,7986,Maintenance,Off Track,Basic,North
CUST1568,29,Male,75,198,19.1,43,No,No,2968,7862,Muscle Gain,On Track,Premium,East
CUST1569,26,Female,76,174,25.1,108,No,No,2819,13159,Maintenance,Off Track,Premium,North
CUST1570,24,Female,86,189,24.1,106,No,No,3201,5423,Weight Loss,Off Track,Premium,West
CUST1571,45,Male,53,173,17.7,107,No,No,2694,11450,Weight Loss,Off Track,Basic,South
CUST1572,31,Female,99,163,37.3,32,No,No,3098,7870,Weight Loss,Off Track,Premium,West
CUST1573,48,Female,73,175,23.8,80,No,No,1646,14210,Weight Loss,On Track,Premium,South
CUST1574,36,Female,68,187,19.4,111,No,No,3007,13839,Maintenance,On Track,Basic,West
CUST1575,64,Female,85,172,28.7,74,No,No,2829,9159,Weight Loss,Off Track,Premium,West
CUST1576,33,Male,88,171,30.1,76,No,Yes,3196,3073,Maintenance,Off Track,Basic,South
CUST1577,22,Male,59,197,15.2,49,Yes,No,3176,7170,Maintenance,Off Track,Premium,East
CUST1578,52,Female,74,168,26.2,10,Yes,No,3369,1701,Muscle Gain,Off Track,Basic,North
CUST1579,29,Male,67,195,17.6,94,No,No,2515,11111,Weight Loss,Off Track,Premium,West
CUST1580,42,Male,68,152,29.4,27,Yes,Yes,2108,9113,Weight Loss,Off Track,Premium,East
CUST1581,38,Male,85,191,23.3,107,No,No,1945,7825,Muscle Gain,On Track,Premium,North
CUST1582,53,Male,59,168,20.9,69,No,No,1720,11652,Maintenance,On Track,Basic,East
CUST1583,40,Male,82,158,32.8,40,No,No,3078,13454,Weight Loss,Off Track,Premium,East
CUST1584,33,Female,99,177,31.6,15,No,No,3468,8867,Maintenance,Off Track,Basic,North
CUST1585,56,Male,54,169,18.9,67,No,No,3327,5264,Muscle Gain,Off Track,Basic,West
CUST1586,62,Male,96,194,25.5,98,No,Yes,2901,8968,Maintenance,Off Track,Basic,East
CUST1587,59,Male,98,156,40.3,47,No,No,3143,9146,Weight Loss,Off Track,Basic,West
CUST1588,56,Male,84,163,31.6,55,No,Yes,2789,13516,Maintenance,Off Track,Premium,West
CUST1589,31,Female,93,158,37.3,63,Yes,Yes,1594,8776,Maintenance,Off Track,Premium,West
CUST1590,48,Female,83,168,29.4,58,No,No,1761,9558,Weight Loss,Off Track,Premium,North
CUST1591,22,Female,82,196,21.3,89,Yes,No,3348,9719,Weight Loss,On Track,Basic,South
CUST1592,52,Female,70,163,26.3,61,No,No,2396,5886,Maintenance,Off Track,Premium,West
CUST1593,40,Male,66,187,18.9,75,No,No,2594,12910,Maintenance,On Track,Basic,South
CUST1594,46,Female,71,185,20.7,10,Yes,No,3477,12801,Muscle Gain,Off Track,Basic,South
CUST1595,60,Male,97,189,27.2,100,No,No,1718,4935,Weight Loss,Off Track,Basic,East
CUST1596,28,Male,86,166,31.2,88,No,Yes,3056,5619,Maintenance,Off Track,Premium,West
CUST1597,35,Male,64,179,20.0,17,No,No,1591,6191,Weight Loss,Off Track,Premium,West
CUST1598,64,Male,84,158,33.6,18,No,No,1626,14956,Muscle Gain,Off Track,Basic,West
CUST1599,29,Male,77,182,23.2,86,No,No,1579,11345,Maintenance,On Track,Premium,South
CUST1600,26,Female,56,174,18.5,54,Yes,Yes,3347,7875,Maintenance,On Track,Premium,North
CUST1601,27,Female,81,163,30.5,101,No,No,2761,11100,Maintenance,Off Track,Basic,South
CUST1602,61,Female,60,160,23.4,117,No,Yes,2482,12204,Weight Loss,On Track,Basic,West
CUST1603,34,Female,59,184,17.4,81,No,Yes,2895,8856,Muscle Gain,Off Track,Premium,West
CUST1604,55,Male,58,190,16.1,25,Yes,No,2415,6401,Weight Loss,Off Track,Basic,West
CUST1605,24,Female,63,163,23.7,5,No,No,1985,13420,Maintenance,Off Track,Basic,South
CUST1606,63,Male,62,179,19.4,3,No,No,2193,4022,Muscle Gain,Off Track,Premium,West
CUST1607,30,Female,74,190,20.5,107,No,No,1524,12675,Maintenance,On Track,Premium,East
CUST1608,57,Male,51,153,21.8,114,Yes,No,1655,11912,Maintenance,On Track,Basic,West
CUST1609,59,Male,84,153,35.9,28,No,No,3040,6738,Weight Loss,Off Track,Premium,North
CUST1610,26,Female,56,177,17.9,58,No,No,2131,6984,Maintenance,Off Track,Basic,East
CUST1611,44,Male,70,157,28.4,97,No,Yes,3312,2770,Muscle Gain,Off Track,Basic,West
CUST1612,19,Male,67,151,29.4,16,No,No,3053,13305,Maintenance,Off Track,Premium,East
CUST1613,22,Female,52,190,14.4,106,No,No,3466,10969,Maintenance,Off Track,Basic,West
CUST1614,46,Male,91,195,23.9,42,No,No,3233,13404,Weight Loss,On Track,Basic,North
CUST1615,54,Female,88,171,30.1,116,Yes,No,2580,9989,Muscle Gain,Off Track,Basic,West
CUST1616,55,Female,90,190,24.9,79,No,No,3128,4215,Weight Loss,Off Track,Premium,East
CUST1617,36,Female,98,165,36.0,65,No,No,1518,12980,Maintenance,Off Track,Premium,North
CUST1618,25,Male,60,178,18.9,33,No,No,2907,7694,Weight Loss,On Track,Premium,South
CUST1619,62,Male,88,198,22.4,118,No,Yes,3388,3976,Weight Loss,Off Track,Basic,North
CUST1620,18,Male,73,197,18.8,7,Yes,No,2716,4737,Weight Loss,Off Track,Basic,North
CUST1621,39,Female,95,179,29.6,12,No,No,1736,10903,Weight Loss,Off Track,Premium,North
CUST1622,34,Male,68,161,26.2,105,No,No,2910,1752,Maintenance,Off Track,Premium,East
CUST1623,24,Female,53,184,15.7,7,Yes,Yes,2949,11661,Maintenance,Off Track,Premium,North
CUST1624,42,Female,75,160,29.3,93,No,No,1776,13161,Muscle Gain,Off Track,Basic,West
CUST1625,62,Male,87,195,22.9,95,No,No,2750,2392,Weight Loss,Off Track,Premium,North
CUST1626,21,Female,91,199,23.0,99,Yes,No,2244,7789,Weight Loss,On Track,Basic,North
CUST1627,53,Male,81,170,28.0,110,No,No,2051,11797,Muscle Gain,Off Track,Premium,West
CUST1628,23,Male,88,170,30.4,93,No,No,2846,1677,Weight Loss,Off Track,Basic,West
CUST1629,48,Male,94,154,39.6,64,No,No,2676,1105,Muscle Gain,Off Track,Basic,South
CUST1630,36,Male,95,197,24.5,42,No,No,2138,12479,Maintenance,On Track,Premium,North
CUST1631,61,Male,85,169,29.8,38,No,No,1736,5753,Muscle Gain,Off Track,Basic,East
CUST1632,56,Female,89,186,25.7,80,No,Yes,2497,2946,Weight Loss,Off Track,Premium,North
CUST1633,44,Female,86,152,37.2,58,No,No,1554,6544,Muscle Gain,Off Track,Basic,North
CUST1634,27,Female,82,193,22.0,83,Yes,No,2959,2095,Maintenance,Off Track,Basic,West
CUST1635,43,Male,85,182,25.7,87,No,No,2183,14275,Weight Loss,Off Track,Premium,South
CUST1636,36,Male,52,158,20.8,113,No,Yes,1608,7985,Maintenance,On Track,Basic,North
CUST1637,56,Male,58,158,23.2,85,No,No,3389,2782,Maintenance,Off Track,Premium,East
CUST1638,20,Female,57,153,24.3,92,No,Yes,2707,5541,Muscle Gain,Off Track,Premium,North
CUST1639,62,Male,82,184,24.2,85,No,Yes,3474,4257,Maintenance,Off Track,Premium,East
CUST1640,30,Female,55,166,20.0,43,No,No,2891,7213,Weight Loss,On Track,Basic,West
CUST1641,45,Female,90,183,26.9,8,No,No,2721,11189,Maintenance,Off Track,Basic,South
CUST1642,37,Male,88,173,29.4,36,Yes,No,2894,5869,Maintenance,Off Track,Basic,North
CUST1643,45,Male,53,181,16.2,73,Yes,No,1872,2561,Muscle Gain,Off Track,Premium,South
CUST1644,25,Female,62,150,27.6,35,No,Yes,2472,5006,Maintenance,Off Track,Premium,North
CUST1645,58,Male,98,157,39.8,100,No,No,3020,10867,Muscle Gain,Off Track,Basic,East
CUST1646,56,Female,51,194,13.6,91,No,No,3122,10314,Muscle Gain,Off Track,Basic,South
CUST1647,18,Male,54,172,18.3,27,No,Yes,1700,4981,Weight Loss,Off Track,Premium,North
CUST1648,20,Male,93,196,24.2,41,No,No,2348,10493,Weight Loss,On Track,Basic,West
CUST1649,30,Female,76,189,21.3,42,No,No,2008,6682,Weight Loss,Off Track,Premium,East
CUST1650,45,Male,81,161,31.2,84,No,No,2845,6782,Weight Loss,Off Track,Basic,South
CUST1651,42,Female,70,161,27.0,87,Yes,No,1774,1943,Muscle Gain,Off Track,Premium,North
CUST1652,50,Male,57,195,15.0,41,Yes,No,1710,5550,Maintenance,Off Track,Basic,South
CUST1653,55,Female,87,196,22.6,103,No,No,2003,14415,Weight Loss,On Track,Basic,North
CUST1654,23,Female,57,164,21.2,65,No,No,3426,10137,Weight Loss,On Track,Premium,East
CUST1655,61,Male,99,190,27.4,54,No,Yes,2641,1600,Weight Loss,Off Track,Premium,West
CUST1656,62,Female,52,168,18.4,71,Yes,No,2202,11892,Maintenance,Off Track,Premium,East
CUST1657,49,Male,93,175,30.4,47,Yes,No,3077,14012,Weight Loss,Off Track,Basic,South
CUST1658,62,Male,52,178,16.4,90,No,No,1541,7376,Maintenance,Off Track,Premium,South
CUST1659,64,Male,71,171,24.3,21,No,No,1814,10609,Muscle Gain,Off Track,Premium,North
CUST1660,38,Female,55,189,15.4,100,Yes,No,2287,2524,Muscle Gain,Off Track,Basic,East
CUST1661,33,Female,51,170,17.6,26,No,No,1828,4766,Muscle Gain,Off Track,Premium,North
CUST1662,38,Male,72,187,20.6,92,Yes,Yes,2540,1250,Maintenance,Off Track,Premium,East
CUST1663,28,Male,93,169,32.6,66,No,No,1782,10736,Weight Loss,Off Track,Premium,South
CUST1664,54,Female,51,178,16.1,107,No,No,2442,1078,Weight Loss,Off Track,Basic,North
CUST1665,53,Male,87,153,37.2,12,Yes,Yes,1757,4123,Weight Loss,Off Track,Basic,North
CUST1666,52,Male,66,156,27.1,44,No,No,2074,10089,Weight Loss,Off Track,Basic,East
CUST1667,36,Female,84,177,26.8,9,No,No,2073,8064,Weight Loss,Off Track,Premium,West
CUST1668,37,Male,83,177,26.5,99,No,No,2111,14068,Maintenance,Off Track,Basic,East
CUST1669,35,Female,72,153,30.8,8,No,Yes,2542,9417,Muscle Gain,Off Track,Premium,West
CUST1670,64,Male,79,171,27.0,53,Yes,Yes,3052,14362,Weight Loss,Off Track,Premium,East
CUST1671,58,Female,57,161,22.0,119,No,No,2336,2209,Muscle Gain,Off Track,Premium,South
CUST1672,31,Male,71,194,18.9,118,No,Yes,1922,6153,Maintenance,Off Track,Basic,North
CUST1673,32,Male,93,152,40.3,26,No,No,2989,5898,Maintenance,Off Track,Basic,East
CUST1674,48,Female,85,171,29.1,33,No,No,2896,14029,Weight Loss,Off Track,Premium,South
CUST1675,18,Male,54,193,14.5,114,No,Yes,2257,3178,Maintenance,Off Track,Premium,East
CUST1676,20,Female,62,151,27.2,0,No,Yes,2262,11871,Muscle Gain,Off Track,Basic,North
CUST1677,33,Male,78,173,26.1,31,Yes,No,3490,8610,Weight Loss,Off Track,Basic,East
CUST1678,40,Female,80,183,23.9,88,Yes,No,2604,12077,Weight Loss,On Track,Basic,West
CUST1679,28,Female,96,176,31.0,92,No,No,3074,11998,Muscle Gain,Off Track,Premium,North
CUST1680,29,Female,65,190,18.0,70,No,No,3071,9895,Weight Loss,Off Track,Basic,West
CUST1681,27,Female,91,150,40.4,112,No,No,1923,3544,Weight Loss,Off Track,Basic,South
CUST1682,49,Male,79,157,32.0,66,No,No,1928,6522,Muscle Gain,Off Track,Basic,South
CUST1683,33,Male,65,172,22.0,83,No,No,2911,3370,Weight Loss,Off Track,Premium,East
CUST1684,25,Female,61,187,17.4,19,Yes,No,3444,4281,Weight Loss,Off Track,Basic,West
CUST1685,55,Female,66,155,27.5,116,No,No,3232,5710,Muscle Gain,Off Track,Premium,West
CUST1686,29,Female,65,171,22.2,93,No,No,3193,1328,Maintenance,Off Track,Premium,North
CUST1687,41,Male,61,174,20.1,34,No,Yes,1703,14683,Muscle Gain,On Track,Premium,West
CUST1688,45,Male,57,167,20.4,98,No,No,1695,6579,Weight Loss,Off Track,Basic,West
CUST1689,25,Male,69,166,25.0,112,No,Yes,2227,5228,Muscle Gain,Off Track,Basic,North
CUST1690,45,Male,52,161,20.1,102,No,Yes,1784,14122,Weight Loss,On Track,Basic,North
CUST1691,53,Female,65,155,27.1,90,No,No,3492,7794,Weight Loss,Off Track,Premium,West
CUST1692,43,Female,79,175,25.8,89,No,No,1695,1120,Muscle Gain,Off Track,Basic,East
CUST1693,25,Female,94,176,30.3,77,No,No,1806,7749,Weight Loss,Off Track,Premium,North
CUST1694,45,Male,72,157,29.2,16,No,No,3187,14763,Maintenance,Off Track,Basic,North
CUST1695,45,Male,77,168,27.3,17,No,No,1513,1964,Weight Loss,Off Track,Basic,West
CUST1696,54,Male,89,191,24.4,44,No,Yes,3360,5224,Muscle Gain,Off Track,Basic,West
CUST1697,58,Female,54,150,24.0,115,No,No,2669,4675,Maintenance,Off Track,Basic,North
CUST1698,53,Female,69,178,21.8,92,No,No,3461,6694,Maintenance,Off Track,Premium,West
CUST1699,44,Male,89,194,23.6,83,Yes,No,2580,3076,Weight Loss,Off Track,Premium,North
CUST1700,34,Female,93,198,23.7,52,No,No,2222,7865,Muscle Gain,On Track,Premium,East
CUST1701,26,Male,50,184,14.8,90,No,Yes,2279,6643,Weight Loss,Off Track,Premium,East
CUST1702,50,Male,79,189,22.1,81,No,No,2733,9524,Weight Loss,On Track,Basic,North
CUST1703,37,Female,70,163,26.3,67,No,No,2028,12560,Muscle Gain,Off Track,Premium,North
CUST1704,30,Male,69,184,20.4,64,No,No,2297,6249,Muscle Gain,Off Track,Premium,South
CUST1705,45,Female,55,197,14.2,113,No,No,1843,2316,Weight Loss,Off Track,Premium,South
CUST1706,46,Male,71,194,18.9,0,Yes,No,3238,2196,Maintenance,Off Track,Basic,West
CUST1707,30,Female,67,169,23.5,57,No,No,3134,4170,Weight Loss,Off Track,Premium,West
CUST1708,63,Female,57,198,14.5,25,No,No,2802,10621,Maintenance,Off Track,Premium,North
CUST1709,52,Female,88,162,33.5,108,No,No,1708,1355,Weight Loss,Off Track,Basic,North
CUST1710,23,Male,81,187,23.2,19,No,Yes,2140,13426,Muscle Gain,Off Track,Basic,South
CUST1711,35,Male,82,198,20.9,115,No,Yes,2858,10718,Maintenance,On Track,Premium,South
CUST1712,22,Female,65,195,17.1,86,Yes,No,2811,13089,Muscle Gain,Off Track,Premium,North
CUST1713,64,Female,61,198,15.6,9,No,Yes,1751,14485,Muscle Gain,Off Track,Basic,East
CUST1714,42,Male,87,157,35.3,58,No,Yes,2788,1028,Muscle Gain,Off Track,Premium,East
CUST1715,19,Male,83,192,22.5,74,Yes,No,1770,14218,Muscle Gain,On Track,Basic,West
CUST1716,27,Male,63,169,22.1,40,Yes,No,3447,2013,Muscle Gain,Off Track,Premium,North
CUST1717,47,Female,85,182,25.7,104,Yes,No,2419,11894,Weight Loss,Off Track,Premium,North
CUST1718,62,Male,82,175,26.8,4,No,Yes,3223,10019,Maintenance,Off Track,Premium,West
CUST1719,22,Male,72,188,20.4,64,Yes,Yes,1918,13638,Weight Loss,On Track,Premium,South
CUST1720,50,Female,99,170,34.3,16,No,Yes,3249,3024,Weight Loss,Off Track,Premium,South
CUST1721,18,Male,94,198,24.0,21,No,No,2294,9490,Weight Loss,Off Track,Basic,East
CUST1722,35,Male,51,191,14.0,97,No,No,2734,6839,Muscle Gain,Off Track,Basic,North
CUST1723,49,Male,90,192,24.4,119,No,No,2888,11057,Weight Loss,On Track,Premium,South
CUST1724,64,Female,70,190,19.4,108,No,Yes,2599,13208,Maintenance,On Track,Premium,East
CUST1725,28,Female,51,158,20.4,40,No,No,3183,14503,Weight Loss,On Track,Premium,East
CUST1726,38,Female,76,173,25.4,92,No,No,2844,6791,Muscle Gain,Off Track,Basic,East
CUST1727,43,Female,58,186,16.8,67,No,No,2224,11303,Maintenance,Off Track,Basic,South
CUST1728,42,Female,50,198,12.8,68,No,No,1932,1754,Maintenance,Off Track,Basic,South
CUST1729,39,Female,60,190,16.6,10,No,No,1608,9961,Maintenance,Off Track,Basic,North
CUST1730,44,Female,52,166,18.9,55,No,Yes,2140,4735,Maintenance,Off Track,Basic,North
CUST1731,30,Male,72,173,24.1,50,No,Yes,3045,2238,Weight Loss,Off Track,Basic,East
CUST1732,50,Male,75,170,26.0,20,Yes,No,2570,14121,Muscle Gain,Off Track,Basic,East
CUST1733,51,Female,53,188,15.0,98,Yes,Yes,1878,11405,Maintenance,Off Track,Basic,South
CUST1734,58,Male,67,190,18.6,75,No,Yes,3350,2906,Maintenance,Off Track,Premium,South
CUST1735,52,Male,55,188,15.6,25,No,Yes,2619,8399,Muscle Gain,Off Track,Basic,North
CUST1736,18,Female,84,162,32.0,114,No,Yes,2457,8961,Weight Loss,Off Track,Basic,North
CUST1737,38,Male,71,160,27.7,18,No,No,1602,10756,Maintenance,Off Track,Basic,West
CUST1738,23,Male,92,195,24.2,108,No,No,2391,10410,Weight Loss,On Track,Basic,North
CUST1739,45,Male,64,168,22.7,59,No,No,2353,5601,Weight Loss,Off Track,Premium,South
CUST1740,34,Male,71,160,27.7,70,No,No,2669,10549,Weight Loss,Off Track,Basic,East
CUST1741,22,Male,86,162,32.8,46,No,No,3403,13031,Weight Loss,Off Track,Premium,West
CUST1742,48,Female,91,195,23.9,118,No,No,3465,2460,Maintenance,Off Track,Premium,North
CUST1743,22,Female,61,194,16.2,70,No,No,3451,8669,Maintenance,Off Track,Premium,North
CUST1744,55,Female,96,150,42.7,25,Yes,No,2550,13177,Weight Loss,Off Track,Basic,South
CUST1745,20,Male,98,189,27.4,39,Yes,Yes,3255,2416,Weight Loss,Off Track,Basic,West
CUST1746,40,Female,91,193,24.4,4,No,No,2029,12045,Muscle Gain,Off Track,Basic,North
CUST1747,54,Male,87,168,30.8,20,No,No,2178,8766,Muscle Gain,Off Track,Premium,East
CUST1748,54,Male,67,161,25.8,77,No,No,3468,14460,Muscle Gain,Off Track,Premium,South
CUST1749,27,Male,94,157,38.1,3,Yes,No,2488,14048,Maintenance,Off Track,Premium,West
CUST1750,27,Male,84,157,34.1,22,No,No,2605,14120,Muscle Gain,Off Track,Premium,North
CUST1751,36,Female,79,194,21.0,105,No,No,1927,2428,Maintenance,Off Track,Basic,North
CUST1752,34,Female,73,161,28.2,83,No,Yes,3107,5378,Maintenance,Off Track,Basic,West
CUST1753,38,Male,91,197,23.4,14,No,No,2321,8529,Maintenance,Off Track,Basic,South
CUST1754,31,Female,79,182,23.8,113,No,No,3002,5474,Maintenance,Off Track,Premium,West
CUST1755,26,Male,63,194,16.7,115,No,No,3289,13485,Muscle Gain,Off Track,Premium,West
CUST1756,63,Female,55,175,18.0,108,No,Yes,2685,12254,Weight Loss,Off Track,Basic,South
CUST1757,18,Female,52,188,14.7,92,Yes,No,3362,4071,Weight Loss,Off Track,Basic,North
CUST1758,62,Male,65,177,20.7,7,Yes,No,2431,1555,Weight Loss,Off Track,Premium,East
CUST1759,30,Female,56,154,23.6,40,No,Yes,2925,9547,Muscle Gain,On Track,Basic,South
CUST1760,21,Male,63,157,25.6,111,No,No,3031,2563,Weight Loss,Off Track,Basic,East
CUST1761,18,Female,58,174,19.2,18,No,Yes,2561,12692,Muscle Gain,Off Track,Premium,North
CUST1762,57,Male,64,176,20.7,111,No,No,3478,2040,Muscle Gain,Off Track,Premium,West
CUST1763,49,Male,70,195,18.4,102,No,No,2010,3686,Muscle Gain,Off Track,Premium,East
CUST1764,51,Female,84,172,28.4,45,No,No,1892,13666,Weight Loss,Off Track,Basic,North
CUST1765,45,Female,51,179,15.9,27,No,Yes,2212,13967,Weight Loss,Off Track,Premium,North
CUST1766,48,Male,76,194,20.2,109,No,No,1993,3553,Weight Loss,Off Track,Basic,West
CUST1767,25,Female,51,196,13.3,90,No,Yes,2723,2779,Maintenance,Off Track,Basic,West
CUST1768,56,Female,84,172,28.4,67,No,Yes,2778,14186,Muscle Gain,Off Track,Premium,North
CUST1769,43,Male,67,198,17.1,14,No,Yes,2702,1075,Maintenance,Off Track,Basic,North
CUST1770,51,Male,63,196,16.4,98,No,Yes,2046,5326,Muscle Gain,Off Track,Premium,East
CUST1771,20,Female,69,169,24.2,36,Yes,No,2093,6835,Weight Loss,Off Track,Premium,North
CUST1772,29,Male,67,167,24.0,0,No,Yes,1888,6057,Muscle Gain,Off Track,Basic,North
CUST1773,18,Male,59,167,21.2,66,No,No,2921,12511,Muscle Gain,On Track,Basic,East
CUST1774,61,Male,74,151,32.5,110,Yes,No,3255,3349,Maintenance,Off Track,Premium,South
CUST1775,22,Female,51,153,21.8,23,No,No,1657,3773,Muscle Gain,Off Track,Premium,East
CUST1776,47,Female,74,179,23.1,26,No,No,2527,3262,Weight Loss,Off Track,Premium,East
CUST1777,47,Male,82,182,24.8,39,Yes,No,1666,4229,Muscle Gain,Off Track,Premium,West
CUST1778,34,Female,85,185,24.8,62,No,No,2991,11308,Muscle Gain,On Track,Premium,East
CUST1779,64,Male,80,167,28.7,60,No,Yes,2459,1392,Muscle Gain,Off Track,Premium,North
CUST1780,40,Female,63,186,18.2,35,Yes,No,1908,2108,Maintenance,Off Track,Basic,North
CUST1781,32,Male,50,168,17.7,97,No,Yes,2935,5362,Muscle Gain,Off Track,Basic,North
CUST1782,54,Male,95,196,24.7,92,No,Yes,2727,6188,Muscle Gain,Off Track,Basic,South
CUST1783,38,Female,65,177,20.7,23,Yes,Yes,1693,9802,Maintenance,Off Track,Basic,North
CUST1784,31,Male,95,189,26.6,23,No,No,1734,14658,Maintenance,Off Track,Premium,South
CUST1785,19,Female,52,169,18.2,105,No,Yes,2217,14296,Maintenance,Off Track,Basic,North
CUST1786,28,Female,84,198,21.4,3,Yes,No,2673,6057,Maintenance,Off Track,Basic,East
CUST1787,56,Male,90,182,27.2,66,Yes,Yes,2682,11967,Weight Loss,Off Track,Premium,West
CUST1788,55,Male,55,161,21.2,33,No,No,2802,4998,Weight Loss,Off Track,Basic,North
CUST1789,51,Female,74,164,27.5,56,No,Yes,2315,9864,Muscle Gain,Off Track,Premium,South
CUST1790,55,Male,62,190,17.2,48,No,Yes,1903,7566,Weight Loss,Off Track,Premium,South
CUST1791,51,Male,83,188,23.5,86,No,No,2392,4677,Muscle Gain,Off Track,Premium,West
CUST1792,35,Male,57,151,25.0,52,No,Yes,2177,6796,Weight Loss,Off Track,Premium,North
CUST1793,47,Male,70,178,22.1,119,No,No,2834,7363,Maintenance,On Track,Premium,East
CUST1794,32,Male,83,190,23.0,115,No,No,1567,9123,Maintenance,On Track,Basic,North
CUST1795,44,Female,53,159,21.0,22,No,Yes,2986,9222,Weight Loss,Off Track,Basic,North
CUST1796,51,Female,74,151,32.5,108,No,No,1587,8690,Weight Loss,Off Track,Basic,West
CUST1797,55,Male,64,160,25.0,68,Yes,Yes,1716,14654,Muscle Gain,Off Track,Premium,North
CUST1798,50,Male,53,162,20.2,94,Yes,No,1500,2400,Muscle Gain,Off Track,Basic,East
CUST1799,41,Male,94,159,37.2,52,No,Yes,2658,14441,Muscle Gain,Off Track,Basic,South
CUST1800,32,Female,61,163,23.0,61,No,No,3220,5071,Maintenance,Off Track,Basic,West
CUST1801,47,Male,81,167,29.0,40,No,Yes,2874,9808,Maintenance,Off Track,Basic,East
CUST1802,59,Female,81,158,32.4,56,No,No,1639,13826,Maintenance,Off Track,Premium,South
CUST1803,34,Female,77,188,21.8,59,No,No,2117,3786,Maintenance,Off Track,Basic,West
CUST1804,22,Female,62,177,19.8,53,No,No,1632,8169,Muscle Gain,On Track,Premium,West
CUST1805,46,Male,80,152,34.6,69,No,No,3143,1870,Maintenance,Off Track,Premium,South
CUST1806,21,Female,63,169,22.1,100,No,No,1677,5196,Maintenance,Off Track,Basic,South
CUST1807,27,Male,69,155,28.7,56,No,No,2309,12796,Maintenance,Off Track,Premium,East
CUST1808,34,Female,67,176,21.6,9,No,Yes,2881,10604,Maintenance,Off Track,Premium,North
CUST1809,27,Male,78,151,34.2,39,No,Yes,1879,3739,Weight Loss,Off Track,Premium,North
CUST1810,34,Female,55,178,17.4,6,No,Yes,2407,1940,Muscle Gain,Off Track,Premium,North
CUST1811,37,Male,81,187,23.2,102,No,No,3394,1340,Muscle Gain,Off Track,Premium,North
CUST1812,41,Female,78,152,33.8,37,No,No,2157,12100,Maintenance,Off Track,Premium,North
CUST1813,22,Male,92,165,33.8,84,No,No,1949,14331,Weight Loss,Off Track,Premium,East
CUST1814,51,Male,51,179,15.9,60,Yes,Yes,2085,8422,Muscle Gain,Off Track,Basic,West
CUST1815,23,Male,72,189,20.2,83,No,No,1962,5133,Muscle Gain,Off Track,Basic,East
CUST1816,19,Male,68,151,29.8,2,No,Yes,2489,1659,Maintenance,Off Track,Premium,East
CUST1817,30,Female,80,166,29.0,50,No,No,2631,11225,Maintenance,Off Track,Premium,East
CUST1818,60,Female,54,190,15.0,85,No,No,1621,10752,Muscle Gain,Off Track,Basic,West
CUST1819,60,Male,68,161,26.2,46,No,No,1516,4457,Muscle Gain,Off Track,Basic,East
CUST1820,28,Female,83,184,24.5,67,No,No,2719,10848,Weight Loss,On Track,Basic,East
CUST1821,64,Male,59,192,16.0,91,No,No,1826,3975,Muscle Gain,Off Track,Basic,West
CUST1822,40,Male,74,150,32.9,75,No,Yes,1817,10241,Muscle Gain,Off Track,Premium,East
CUST1823,33,Female,51,194,13.6,37,No,No,2308,1453,Maintenance,Off Track,Premium,North
CUST1824,48,Male,60,164,22.3,114,No,Yes,3002,10896,Muscle Gain,On Track,Basic,South
CUST1825,28,Male,99,175,32.3,35,No,No,2775,9184,Maintenance,Off Track,Basic,East
CUST1826,33,Female,80,186,23.1,110,Yes,No,2002,6442,Muscle Gain,Off Track,Basic,South
CUST1827,25,Male,64,170,22.1,40,No,Yes,1618,11976,Muscle Gain,On Track,Basic,East
CUST1828,21,Male,58,198,14.8,68,No,Yes,3197,1818,Muscle Gain,Off Track,Premium,East
CUST1829,57,Male,72,180,22.2,12,No,No,2209,5868,Weight Loss,Off Track,Basic,North
CUST1830,21,Male,68,174,22.5,86,Yes,No,3021,1012,Maintenance,Off Track,Basic,West
CUST1831,42,Female,58,172,19.6,57,No,No,3009,13171,Weight Loss,On Track,Basic,South
CUST1832,20,Female,84,173,28.1,49,No,Yes,1544,8727,Muscle Gain,Off Track,Premium,West
CUST1833,49,Female,70,187,20.0,29,Yes,Yes,1813,1920,Weight Loss,Off Track,Premium,North
CUST1834,20,Male,58,177,18.5,61,No,No,2702,5920,Maintenance,Off Track,Premium,North
CUST1835,44,Male,77,170,26.6,100,No,No,3417,3418,Muscle Gain,Off Track,Basic,South
CUST1836,46,Female,95,192,25.8,24,No,Yes,1917,10506,Weight Loss,Off Track,Basic,West
CUST1837,49,Male,56,167,20.1,111,No,No,2055,7475,Weight Loss,On Track,Basic,North
CUST1838,36,Male,65,185,19.0,26,Yes,Yes,3306,12869,Maintenance,Off Track,Premium,East
CUST1839,38,Male,65,184,19.2,50,No,No,2601,3017,Weight Loss,Off Track,Premium,East
CUST1840,22,Male,82,194,21.8,77,Yes,No,1825,8957,Maintenance,On Track,Basic,East
CUST1841,35,Female,53,158,21.2,56,No,No,3213,10420,Muscle Gain,On Track,Basic,West
CUST1842,45,Female,53,187,15.2,111,No,No,2880,5792,Muscle Gain,Off Track,Premium,East
CUST1843,59,Female,88,179,27.5,46,No,No,2939,7830,Weight Loss,Off Track,Basic,East
CUST1844,39,Male,89,193,23.9,117,Yes,Yes,3486,14237,Muscle Gain,On Track,Basic,North
CUST1845,38,Female,66,183,19.7,99,No,Yes,2014,3434,Muscle Gain,Off Track,Basic,North
CUST1846,23,Female,86,181,26.3,38,No,No,1713,3868,Weight Loss,Off Track,Premium,East
CUST1847,18,Male,88,152,38.1,15,No,No,3377,11707,Muscle Gain,Off Track,Basic,East
CUST1848,22,Male,78,152,33.8,119,No,No,1573,2438,Weight Loss,Off Track,Basic,North
CUST1849,58,Female,85,177,27.1,21,No,No,3086,13356,Maintenance,Off Track,Basic,South
CUST1850,29,Female,87,193,23.4,84,No,No,3102,4543,Maintenance,Off Track,Basic,West
CUST1851,43,Female,88,164,32.7,53,No,Yes,2008,12367,Maintenance,Off Track,Premium,West
CUST1852,63,Female,99,190,27.4,20,No,No,1831,2781,Weight Loss,Off Track,Premium,North
CUST1853,51,Male,86,172,29.1,71,Yes,No,2616,7343,Weight Loss,Off Track,Premium,West
CUST1854,31,Female,84,189,23.5,112,No,No,2187,3263,Muscle Gain,Off Track,Basic,North
CUST1855,43,Female,56,160,21.9,15,No,No,2156,11161,Muscle Gain,Off Track,Premium,North
CUST1856,62,Male,76,197,19.6,58,No,Yes,3042,1211,Muscle Gain,Off Track,Basic,North
CUST1857,44,Female,77,181,23.5,118,No,No,2792,9699,Muscle Gain,On Track,Premium,North
CUST1858,26,Male,71,185,20.7,30,Yes,No,2899,7159,Muscle Gain,On Track,Basic,South
CUST1859,43,Male,63,182,19.0,41,No,No,3357,14809,Weight Loss,On Track,Premium,East
CUST1860,64,Male,56,173,18.7,73,Yes,Yes,2527,8027,Weight Loss,On Track,Premium,East
CUST1861,39,Female,86,188,24.3,31,Yes,Yes,2661,1331,Maintenance,Off Track,Premium,South
CUST1862,64,Female,71,183,21.2,58,No,Yes,2754,7860,Maintenance,On Track,Basic,West
CUST1863,47,Male,54,177,17.2,33,Yes,Yes,2099,9044,Maintenance,Off Track,Basic,West
CUST1864,60,Female,51,186,14.7,8,No,No,3052,9169,Maintenance,Off Track,Basic,East
CUST1865,34,Female,76,156,31.2,80,Yes,No,2575,9742,Weight Loss,Off Track,Premium,West
CUST1866,43,Male,70,153,29.9,10,No,No,3169,6720,Weight Loss,Off Track,Basic,East
CUST1867,53,Male,87,186,25.1,95,No,No,3246,10133,Weight Loss,Off Track,Basic,East
CUST1868,18,Female,64,150,28.4,9,No,No,1824,1727,Muscle Gain,Off Track,Basic,South
CUST1869,25,Male,70,150,31.1,85,No,Yes,2491,5975,Muscle Gain,Off Track,Basic,West
CUST1870,52,Female,59,196,15.4,16,No,No,3493,12054,Maintenance,Off Track,Basic,South
CUST1871,32,Female,72,169,25.2,67,No,No,3428,4243,Muscle Gain,Off Track,Basic,East
CUST1872,64,Female,88,168,31.2,47,No,Yes,3254,1648,Weight Loss,Off Track,Premium,East
CUST1873,39,Female,54,178,17.0,51,No,Yes,2216,6095,Maintenance,Off Track,Premium,East
CUST1874,31,Male,50,159,19.8,110,No,No,2222,14809,Maintenance,On Track,Basic,North
CUST1875,43,Male,62,167,22.2,24,No,No,1776,7614,Muscle Gain,Off Track,Premium,North
CUST1876,45,Male,70,177,22.3,20,No,No,2035,11929,Maintenance,Off Track,Premium,North
CUST1877,40,Male,75,184,22.2,100,No,Yes,3009,14900,Muscle Gain,On Track,Basic,South
CUST1878,31,Female,99,192,26.9,101,No,No,3039,11939,Muscle Gain,Off Track,Basic,East
CUST1879,41,Female,94,196,24.5,112,No,No,1651,8135,Maintenance,On Track,Premium,West
CUST1880,19,Male,70,180,21.6,64,No,Yes,2454,2009,Muscle Gain,Off Track,Basic,South
CUST1881,62,Female,67,176,21.6,62,No,No,3006,2550,Muscle Gain,Off Track,Premium,South
CUST1882,43,Female,86,160,33.6,88,No,Yes,1758,9995,Muscle Gain,Off Track,Premium,South
CUST1883,31,Female,94,198,24.0,50,No,No,1823,13272,Muscle Gain,On Track,Premium,West
CUST1884,24,Male,81,198,20.7,35,No,Yes,2516,8492,Maintenance,On Track,Basic,East
CUST1885,20,Male,85,187,24.3,80,Yes,Yes,2368,13501,Weight Loss,On Track,Premium,North
CUST1886,64,Male,66,154,27.8,104,No,Yes,2691,13456,Weight Loss,Off Track,Basic,East
CUST1887,40,Female,84,157,34.1,87,No,Yes,2187,4401,Muscle Gain,Off Track,Basic,East
CUST1888,63,Male,98,183,29.3,65,No,No,1809,8447,Muscle Gain,Off Track,Basic,South
CUST1889,60,Male,60,197,15.5,103,No,Yes,2302,14265,Muscle Gain,Off Track,Basic,South
CUST1890,64,Male,70,161,27.0,14,No,No,3002,6424,Weight Loss,Off Track,Basic,South
CUST1891,62,Male,75,187,21.4,95,No,Yes,2579,5241,Muscle Gain,Off Track,Premium,North
CUST1892,35,Male,53,150,23.6,38,No,No,2119,13803,Maintenance,On Track,Basic,North
CUST1893,55,Male,83,180,25.6,69,No,No,1972,4161,Maintenance,Off Track,Basic,North
CUST1894,52,Female,97,153,41.4,0,No,Yes,2819,13740,Maintenance,Off Track,Basic,East
CUST1895,32,Female,67,198,17.1,110,No,No,1960,5155,Weight Loss,Off Track,Basic,South
CUST1896,42,Male,89,194,23.6,22,No,Yes,2847,8478,Muscle Gain,Off Track,Basic,West
CUST1897,54,Male,84,199,21.2,38,No,No,2313,9719,Muscle Gain,On Track,Premium,East
CUST1898,45,Female,90,154,37.9,56,No,No,2345,12490,Muscle Gain,Off Track,Basic,North
CUST1899,27,Female,78,179,24.3,80,Yes,No,2664,10215,Weight Loss,On Track,Basic,West
CUST1900,56,Male,78,173,26.1,33,No,No,2166,7617,Weight Loss,Off Track,Premium,West
CUST1901,34,Male,87,152,37.7,40,Yes,No,1761,6660,Weight Loss,Off Track,Basic,South
CUST1902,56,Male,91,160,35.5,92,No,Yes,3308,12926,Weight Loss,Off Track,Premium,West
CUST1903,39,Male,70,194,18.6,72,No,Yes,2943,14390,Maintenance,On Track,Premium,North
CUST1904,43,Female,91,153,38.9,12,No,No,3267,9624,Weight Loss,Off Track,Premium,South
CUST1905,61,Male,62,175,20.2,69,No,No,2764,2176,Weight Loss,Off Track,Premium,West
CUST1906,42,Male,98,176,31.6,5,No,No,1854,8956,Weight Loss,Off Track,Basic,South
CUST1907,34,Male,90,195,23.7,83,No,No,3372,9592,Muscle Gain,On Track,Basic,West
CUST1908,30,Male,66,192,17.9,51,No,No,2269,11296,Muscle Gain,Off Track,Premium,East
CUST1909,37,Female,58,176,18.7,116,No,No,3284,12242,Muscle Gain,On Track,Premium,East
CUST1910,42,Female,90,191,24.7,2,No,No,3112,3233,Maintenance,Off Track,Basic,North
CUST1911,21,Female,50,199,12.6,80,No,No,1679,11637,Maintenance,Off Track,Premium,East
CUST1912,27,Male,51,155,21.2,62,No,No,1565,5700,Weight Loss,Off Track,Premium,East
CUST1913,20,Male,97,164,36.1,48,No,Yes,2319,12027,Muscle Gain,Off Track,Premium,East
CUST1914,58,Female,78,179,24.3,75,Yes,Yes,2871,6906,Maintenance,Off Track,Basic,West
CUST1915,62,Male,82,191,22.5,111,No,No,1670,8860,Muscle Gain,On Track,Premium,West
CUST1916,35,Male,59,186,17.1,46,No,Yes,1973,8526,Maintenance,Off Track,Basic,South
CUST1917,64,Female,99,186,28.6,108,No,No,2033,6559,Maintenance,Off Track,Basic,West
CUST1918,53,Female,89,191,24.4,54,Yes,No,2890,7732,Weight Loss,On Track,Basic,East
CUST1919,64,Female,70,186,20.2,63,No,No,2630,3513,Weight Loss,Off Track,Premium,West
CUST1920,39,Female,77,184,22.7,64,Yes,No,1938,8830,Maintenance,On Track,Premium,North
CUST1921,51,Male,60,172,20.3,80,No,No,2334,10965,Weight Loss,On Track,Basic,South
CUST1922,64,Male,83,155,34.5,66,No,No,1726,7944,Maintenance,Off Track,Basic,South
CUST1923,25,Female,57,153,24.3,89,No,No,2967,8910,Maintenance,On Track,Basic,West
CUST1924,57,Male,71,167,25.5,14,No,No,1941,6649,Muscle Gain,Off Track,Premium,East
CUST1925,61,Female,57,158,22.8,99,No,No,1895,2096,Weight Loss,Off Track,Premium,South
CUST1926,36,Female,98,198,25.0,31,Yes,No,2227,10120,Weight Loss,Off Track,Basic,North
CUST1927,59,Male,64,178,20.2,95,Yes,No,3104,2951,Weight Loss,Off Track,Basic,North
CUST1928,58,Female,66,162,25.1,67,No,No,1583,11165,Muscle Gain,Off Track,Premium,South
CUST1929,54,Male,72,196,18.7,17,No,No,3138,10746,Muscle Gain,Off Track,Basic,East
CUST1930,23,Male,73,166,26.5,112,No,No,3074,11970,Muscle Gain,Off Track,Premium,East
CUST1931,43,Male,94,194,25.0,82,Yes,No,2536,13613,Weight Loss,Off Track,Premium,West
CUST1932,51,Male,68,181,20.8,42,No,No,3332,10186,Weight Loss,On Track,Basic,West
CUST1933,62,Female,54,197,13.9,115,Yes,No,3348,8799,Weight Loss,Off Track,Basic,South
CUST1934,23,Male,81,171,27.7,34,Yes,No,2192,9804,Muscle Gain,Off Track,Premium,West
CUST1935,54,Female,93,153,39.7,103,No,No,1992,11785,Muscle Gain,Off Track,Premium,West
CUST1936,50,Female,50,154,21.1,77,No,No,2791,1595,Maintenance,Off Track,Premium,West
CUST1937,39,Female,72,186,20.8,57,Yes,No,3048,14208,Muscle Gain,On Track,Premium,North
CUST1938,38,Female,86,190,23.8,32,No,No,2643,8875,Maintenance,On Track,Premium,West
CUST1939,23,Male,57,198,14.5,13,Yes,No,2469,10033,Weight Loss,Off Track,Basic,South
CUST1940,23,Male,62,162,23.6,33,No,Yes,1852,14513,Muscle Gain,On Track,Premium,East
CUST1941,21,Female,57,183,17.0,60,No,No,2580,5439,Weight Loss,Off Track,Premium,West
CUST1942,47,Female,72,194,19.1,118,Yes,No,1539,6972,Weight Loss,Off Track,Premium,East
CUST1943,28,Male,92,171,31.5,3,No,No,3409,1858,Weight Loss,Off Track,Basic,West
CUST1944,47,Female,50,172,16.9,87,No,No,2859,6519,Weight Loss,Off Track,Basic,South
CUST1945,48,Male,94,152,40.7,58,No,No,2139,8385,Muscle Gain,Off Track,Premium,North
CUST1946,41,Female,73,191,20.0,28,No,No,1672,9636,Weight Loss,Off Track,Premium,South
CUST1947,26,Male,84,183,25.1,82,Yes,Yes,3070,10980,Maintenance,Off Track,Basic,North
CUST1948,20,Female,73,181,22.3,5,Yes,No,1758,5317,Muscle Gain,Off Track,Basic,West
CUST1949,48,Female,66,194,17.5,96,No,No,3411,4454,Weight Loss,Off Track,Basic,West
CUST1950,57,Male,54,198,13.8,48,No,Yes,2016,13144,Muscle Gain,Off Track,Basic,North
CUST1951,54,Female,69,170,23.9,39,Yes,Yes,2229,13879,Maintenance,On Track,Premium,South
CUST1952,53,Female,70,195,18.4,82,No,No,2022,2030,Weight Loss,Off Track,Basic,South
CUST1953,41,Male,89,193,23.9,116,Yes,No,3417,10487,Maintenance,On Track,Premium,North
CUST1954,48,Female,80,170,27.7,64,No,Yes,2338,8906,Weight Loss,Off Track,Premium,West
CUST1955,23,Male,95,193,25.5,68,No,No,1616,14305,Maintenance,Off Track,Basic,North
CUST1956,19,Male,85,160,33.2,26,Yes,No,1683,11255,Weight Loss,Off Track,Basic,West
CUST1957,37,Female,60,188,17.0,79,No,No,3429,2447,Muscle Gain,Off Track,Basic,North
CUST1958,45,Female,64,153,27.3,5,No,No,3397,11237,Weight Loss,Off Track,Basic,West
CUST1959,28,Female,68,150,30.2,103,No,No,2639,13811,Muscle Gain,Off Track,Premium,North
CUST1960,21,Female,56,177,17.9,12,No,No,1661,3850,Weight Loss,Off Track,Premium,East
CUST1961,32,Female,77,173,25.7,111,No,No,3102,13016,Weight Loss,Off Track,Premium,West
CUST1962,23,Female,92,184,27.2,63,No,No,3235,11260,Maintenance,Off Track,Basic,South
CUST1963,47,Female,54,162,20.6,61,No,Yes,2042,12953,Maintenance,On Track,Premium,North
CUST1964,55,Male,54,196,14.1,98,No,No,3110,9106,Maintenance,Off Track,Basic,South
CUST1965,19,Female,79,183,23.6,18,No,Yes,2760,11467,Weight Loss,Off Track,Premium,North
CUST1966,32,Male,81,160,31.6,75,No,Yes,2338,8151,Weight Loss,Off Track,Basic,South
CUST1967,28,Female,57,185,16.7,79,Yes,Yes,2589,11000,Weight Loss,Off Track,Premium,South
CUST1968,25,Female,59,166,21.4,42,No,Yes,2593,10503,Muscle Gain,On Track,Premium,North
CUST1969,43,Male,87,184,25.7,73,No,No,3332,7952,Muscle Gain,Off Track,Basic,North
CUST1970,62,Female,96,167,34.4,88,No,Yes,1946,5055,Weight Loss,Off Track,Premium,South
CUST1971,61,Female,81,189,22.7,19,No,No,1915,6402,Maintenance,Off Track,Premium,South
CUST1972,22,Male,97,171,33.2,94,No,No,2031,11643,Maintenance,Off Track,Basic,South
CUST1973,23,Female,77,173,25.7,67,No,No,1940,10281,Maintenance,Off Track,Basic,West
CUST1974,43,Female,66,168,23.4,43,No,Yes,2237,2672,Weight Loss,Off Track,Basic,West
CUST1975,21,Female,80,186,23.1,22,Yes,No,3469,12867,Maintenance,Off Track,Basic,East
CUST1976,36,Male,57,188,16.1,1,No,No,1963,5532,Weight Loss,Off Track,Basic,West
CUST1977,37,Female,89,170,30.8,119,No,No,3444,5924,Muscle Gain,Off Track,Premium,West
CUST1978,50,Female,74,157,30.0,21,No,No,1895,13546,Maintenance,Off Track,Basic,North
CUST1979,37,Female,58,177,18.5,114,Yes,No,2210,11195,Muscle Gain,On Track,Premium,East
CUST1980,29,Female,51,154,21.5,56,No,No,3074,7085,Maintenance,On Track,Premium,East
CUST1981,64,Male,64,166,23.2,100,No,No,3180,13390,Weight Loss,On Track,Basic,West
CUST1982,18,Male,99,186,28.6,71,Yes,No,3080,14280,Weight Loss,Off Track,Premium,North
CUST1983,43,Female,52,185,15.2,6,No,Yes,1894,8734,Weight Loss,Off Track,Premium,North
CUST1984,31,Female,98,168,34.7,77,No,No,1825,5864,Weight Loss,Off Track,Basic,East
CUST1985,55,Male,85,176,27.4,55,No,Yes,3416,10316,Maintenance,Off Track,Premium,North
CUST1986,54,Male,53,183,15.8,118,No,No,3442,2221,Muscle Gain,Off Track,Basic,South
CUST1987,28,Female,63,160,24.6,66,No,No,2614,3860,Weight Loss,Off Track,Basic,West
CUST1988,53,Male,90,194,23.9,113,Yes,No,2249,11465,Maintenance,On Track,Basic,South
CUST1989,30,Female,90,196,23.4,15,No,No,2593,12182,Muscle Gain,Off Track,Premium,East
CUST1990,60,Male,74,161,28.5,118,No,No,2689,11702,Weight Loss,Off Track,Premium,East
CUST1991,20,Male,99,170,34.3,82,No,No,2141,9428,Muscle Gain,Off Track,Premium,North
CUST1992,50,Male,59,160,23.0,50,Yes,No,1713,10336,Weight Loss,On Track,Premium,North
CUST1993,23,Male,70,188,19.8,81,Yes,No,3375,4253,Muscle Gain,Off Track,Basic,East
CUST1994,27,Female,85,177,27.1,115,No,Yes,3124,4782,Muscle Gain,Off Track,Premium,East
CUST1995,22,Male,61,154,25.7,79,No,No,2858,7957,Weight Loss,Off Track,Basic,South
CUST1996,40,Male,76,166,27.6,71,No,No,3287,1766,Maintenance,Off Track,Premium,South
CUST1997,27,Female,89,169,31.2,96,No,Yes,1868,3681,Muscle Gain,Off Track,Premium,North
CUST1998,61,Male,51,190,14.1,112,Yes,No,3384,8710,Weight Loss,Off Track,Premium,South
CUST1999,19,Male,62,195,16.3,11,Yes,Yes,3107,8482,Muscle Gain,Off Track,Premium,North
